8800469,关于这部电影在日本的火爆程度,10,本人是一枚日本留学生，然而知道这部电影还是最近1个月前，我在电影院刷了3遍后有点震惊中国的动画产业的进步，查阅各种资料后，有感而发从而写此文章。    这部电影在去年已经在日本上映过，那时候在日本的知名度还是很低，因为是中国的电影（日本人对中国印象普遍较差），加上去年的电影封面是一只猫，很多人认为是讲猫的温馨故事，从而选择无视。看的人几乎都是在日中国人，日本人很少看。但是，尽管如此，还是收获了一些日本粉丝。2019年在日本上映时的封面  然而谁也没想到，1年后，这部电影出了吹替版（配音版），配
11217906,讨厌「风息」的人，本质上自己也是「风息」,10,在b站观影时看到许多弹幕攻击风息，非常难受，觉得与电影的主题格格不入。思考了许久，决定写下这篇长评，分享一下我的感受。  在观剧的时候非常喜欢将自己代入进剧中的人物，思考人物的行事逻辑，体会人物的选择与情感，这种观剧方式可以大大提升对人物、剧情和主题的理解。这种观剧方式在现实中也有常有应用，称为「换位思考」。  剧中的风息的行事逻辑是非常清晰的。  片头开始，风息通过控制的人类攻击小黑，然后现出真身，表明身份，拉小黑入伙。  接着，将小黑带到自己藏身的离岛，给小黑一个家。  这时风息的目的是
14409468,对风息的思考,10,各位对风息的感觉如何，是自私自利不顾他人的坏人，或是一步走错步步走错的好人，当然，各有各的想法都是可以的，正如无限回应小黑的：“不必问我，你可以有自己的答案。”以下呢，是我对此的观点，若有漏洞还望见谅。      风息对我来说是一个偏向中立偏好的妖精，从它以前的回忆里可以看出，他对人类并没有反感，相反它对人类甚至是抱有一种喜爱的情感，在无聊时也会去观看人类的生活节日，一些在山上遇到困难的人类也会出手相助。而在剧中风息从未还用过自己的［豪夺］，部分妖精对它也是不讨厌的，闵先生和鸠老对
14146915,好动画，但还是不吐不快,8,先看tv入的坑，总有一种电影破坏了整体节奏的感觉小黑曾经有领域这个能力，这不重要小黑一度极其讨厌人类，这不太重要小黑最终拯救了一个城市，这不重要毕竟它就是只受了伤，交了人类朋友，过着悠闲生活的小猫妖。它是小白接触妖的契机，它偷天明珠引发的一系列骚动，是小白理解和思考世界的过程。它到底是谁，是强是弱，有什么过往，真的不重要我承认电影制作水平很高，也完成了作为前传的任务，但看完还是觉得没摆脱“电影=搞笑片/动作大片”的惯性思维。一味的让无限花式抓回逃跑的小黑慢慢感化，而没有让两人吵架斗气碰撞思想，过
13952403,你可以有自己的判断,10,闹剧荒的时候刷剪辑刷到的，被那句你可以有自己的判断吸引的。先反省下，我真的欠小黑一张电影票啊！！！！！！！！！！在很长一段时间里，我从来没想过一个问题，就是，我们认为的正确，是谁告诉我们的？究竟是我们知道它是对的才认可，还是别人告诉我们是对的，我们就以为是对的，然后就理所应当的判断，它是对的？现在的时代是一个信息爆炸的时代，很多各种的信息充斥着我们的生活，某些看似有道理的话，其实本质上都是诡辩，但是因为说这句话的人无形中给我们设定了一个前提，所以，我们失去了判断的能力，也失去了要找出对错的意识。
13742869,好的电影，糟糕的你,10,当看到影片对反派刻画的很丰满，很现实，就知道是好片了。可笑的是有很多自以为自己是无限大人的观众觉得风息低人一等是坏人，人家无限大人可是胸襟辽阔的很，虽然立场不同，但真心希望对方能了解理解自己，同时也去理解对方。就是互相理解，明白对方也是被逼无奈才做出的选择，谁又能是上帝能无所不知无所不在无所不能呢？没人能改变自己一路走来遇到的事情，这一点大家是平权的，所以无限和风息都是很好的角色塑造。只不过风息这种电影一开头就控制人类欺负小黑这种欺骗行径被大众所讨厌。不说啦，现实永远比电影复杂。电影就应该是这种
11355246,我为什么讨厌风息,10,说实话，我个人觉得，我们的社会发展进入了一个有些畸形的阶段。可能由于之前影视剧和动漫作品中出现了太多不带脑子甚至可能都没有反派长得好的主角，和有勇有谋有目的还长着一张好脸的反派，我们现在有很多人会更倾向于反派，之前被开玩笑说出来的“三观跟着五官跑”被一些人当了真。甚至有些认为了表明自己不同于普罗大众，为了展现自己标新立异，而去认同反派。说实话我之前也是其中一员，甚至现在我仍旧喜欢一些反派。但我不会因为我喜欢这个反派心疼这个反派就说他做得对，只能说是情有可原。就例如魔道里的薛洋（不知道在这里提到算
13261099,剧情搭配画面才可双赢,10,先看了动漫的40集，并且了解了大致的背景才来看了大电影。画风，让我想起了阿梗画作的特点，背景画面勾勒简洁，色彩运用却相当精彩。例如刚开始的森林以及小黑流浪的场景，看起来简单的画面，色彩运用却是十分丰富，颜色不被勾勒出来的线条约束，比如浅绿翠绿墨绿会同时出现在同一株草上。同一色系的混用使得画面脱离了普通2D场景，所以整个画面表现力很棒，可以形成自己独特的画风。同时画风直接告诉观众，这部电影“治愈、舒服”。2D动画比起国内的3D建模动画，最好的一点就是不执著于表现模型运动的精细和动作的完整，使得10
7009346,我心中最棒的动画电影。,10,一，我写这篇评价的契机：  一天，我闲着没事，突然想回顾一下罗小黑的大电影，但却惊讶的发现一直是9.9评分的罗小黑降到了9.8分，我非常气愤，明白这是被人恶意刷分了。为了让罗小黑再次回到9.9的评分，我觉得我有必要写一篇长评助力9.9。随便放张图（二，我与罗小黑：  我并不是什么罗小黑的老粉丝，甚至在出大电影之前我都没有看过罗小黑，大电影的事情也并没有注意，所以大电影其实并不是我与罗小黑认识的途径。在我繁忙的高中生活中挤出来的假期里，我为了快乐的度过假期（打游戏太菜，不快乐），并且补充一下我的国
13246449,电影很好看，无限大人也很帅,10,电影很好看，无限大人也很帅，就是一直不明白为什么有人在风息夺走小黑能力的时候说“如果牺牲的是瓢虫呢”，依本人之见TV中这句话是有前提的，是阿根对花精灵针对于仙人和木精灵的情况来说的，其中木落仙人也说过“难道你要让我为了一个木精灵而放弃自己的生命”，由此可知仙人和花精灵就像花精灵与瓢虫一样本身就是不平等的，而风息和小黑同属妖精，与上述观点的大前提就不一样，所以我觉得在这种时候说这句话是不合适的。PS：本人学识，阅历浅薄，如果有不同的观点欢迎留言告知。
12655607,风息这角色其实刻画得很好，无论大家是讨厌他还是喜欢他，我都来分析一下这个角色,10,首先抛开那些看颜看酷无脑捧的人不谈。我来分析一下风息的思维和做法的两面性，另外说一个角色帮助大家理解-卫宫切嗣。风息是千百年来看着自己的家园一步步被侵占，被改变的，他有着自己本土权的自傲，人类只要是跟自然一起，他可以跟人类分享，而人类要挤压掉自然，包括他们妖精的生存空间，他就会很不爽，这片天空本来就是属于他们的，这是他内心中的“正义”，为了这份正义，他可以把一切都作为代价去支付，包括他自身。目的决定一切，无论中途的手段如何，自身感情如何。他对同伴虽然重视，但不排斥在“大义”中牺牲掉他们。无论是小
12628523,感谢相遇，未来可期,10,我是今年6月才入坑罗小黑的，是一个偶然的契机，因为一个小朋友说：喜羊羊轰动全球，我五雷轰顶后给他推去了一个中国动画之路的科普视频，而这位科普视频的博主，就是齐天大肾余潇洒（相信小伙伴们也都知道），而凑巧的是，当时他的微博置顶视频，就是罗小黑的安利视频，偶然看见，看完之后觉得他视频中所描述的温暖熟悉感，是我这么多年看国漫没有感受到的，于是怀着好奇的心情，这才去看了罗小黑战记大电影，结果，可想而知，一发不可收拾。      受于年龄不小了的原因，这些年来我走进电影院看的国漫，从大鱼，到白
12315501,所有问题的原因都是风息没有受过义务教育,10,人和妖都讲中国话，讲道理都是中国的吧，五十六个民族都能共存，难道会少你一个妖族嘛，风息说龙游原来是自己的家，人类开发的时候也没见他站出来说句话啊，人类怎么知道世界上有妖精，风息也知道人类对妖精心存敬畏，人类知道这个地方是妖精的地盘，不开发就是了嘛，风息为什么就不能站出来，喝个茶谈一谈呢，非得挣个你死我活。正确处理方式是，妖族出个代表，和人类谈一谈，说哪哪哪是妖精的家乡，人类不要过度开发，这不就行了嘛，大不了划个自治区，生态保护区，这有啥？一起融入中华文明共同体不行嘛，人类开发大自然，无非不就是为
12297542,关于风息,10,你真的能分清好坏吗？就像我，真的能够准确定义你吗？人和妖一样，很难定义。风息到底是好是坏，在他以小黑还有很多妖精作为代价的时候我就已经非常愤怒了，不管他的出发点，他破坏了秩序，打破了人妖之间的平衡，伤害了很多人，我认为这是非常自私的。但是，我好像并不能替他原谅破坏他家园的人类，这是事实。风息对于人类的仇恨非常直白，是很原始的妖精，他能够分清妖精和人类的区别、好坏吗？一心想拥有家园的他，盗取他人的领域，夺走别人生活的地方，可否想过这也是人类的家园呢。得到小黑的空间，他眼里的疯狂和欲望真的叫人害怕。
12189714,电影的内涵以及对于风息的换位思考,10,五星，细节，画面刻画，还有配音都没得说。我主要是说一下风息的问题，有人觉得他也是被逼无奈，有人觉得他就是个混蛋。每个人观点都不一样，我不会把自己的观点强加于你们，我只会帮你们理解风息的感受。把人类和妖精的位置互换一下。你（人类）原本好端端的生活在自己的小木屋里，过着安居乐业的生活。有一天突然来了许多动物（妖精）他们一开始融入了这片森林，与你（人类）和平共处，对你（人类）存在敬畏。有时候抓到猎物，还会给你掉了一只兔子，一只鹿什么的（对应人类对妖精的供奉，电影里，古时候的人类会在庙里祈祷，庙里供奉的
12228846,也许风息真是坏到骨子里了,10,（自己注意到的一点小细节 如有错误还请见谅）很多人都觉得片头是小黑在做梦 然而片头应该不是小黑的梦 而是现实 最后挖掘机处坠落切换场景0.5倍慢放可以看到实际上是下坠砸到垃圾袋上的 而不是做梦从垃圾袋上醒来 那么之前认为的人类破坏小黑家园 就显得非常不合理了传送下落砸到垃圾袋上 0.5倍慢放还能看出砸到垃圾袋上后垃圾袋抖动小黑住的森林应该是不靠近人类生活区域的深山老林，这个可以从森林出现骚动时很多野生动物四散奔逃看出来，如果临近被开发的区域 是不会有什么野生动物的2.森林中央出现骚动，如果是人类
12245268,都挺好，就弹幕有点奇怪,10,这个故事就是一个接受不了改变的妖精（风灵）发现了个能力特殊的妖精（小黑）利用它完成自己的乐土建造，结果失败了。弹幕奇怪点一是在风灵。风灵本质上就是接受不了变化，想破坏现有秩序，把世界改回它熟悉的那样。就是单纯的反派的样子。不择手段，利用友情，毁坏秩序，破坏和平。这不是主角就是反派。第二点就是妖精和人类能不能和平共处。为什么不能和平共处？有弹幕说1.人类知道有妖精后要拿去做研究解刨。2.人类破坏了大自然，占去了妖精们的领地那问题来了。为什么人类要去研究解刨。为了知道他们强大的秘密？但是是没有修炼法
12194443,讨厌风息吗？,10,首先，我在观看的时候，是没有打开弹幕去看的，而是选择关闭弹幕，这样做的原因是让我本身有一种沉浸其中，去感受一部动漫他所想要表达的一些内容，从而产生我自己的感悟。        这部动漫中，无限交给小黑的东西有很多，其中最主要的是好人与坏人是由你自己去分辨的。        相信弹幕中有很多人去说风息，去讨厌风息的，这保证是在后面说的，前面帮助小黑的，帮助小黑找到一个舒适的家，我们会认为他是一个大好人，但没有想到后面，也没想到他帮助小黑，竟然是想要他的能力，去完成他想要去做的事情，
12170855,值得五星，建议配合TV版食用,10,一般情况下，我对一个动漫会从世界观、剧情、人物这三个方面入手，只要这仨没有明显bug就是及格，如果三方面都有亮点就属于一部好作品下面我也会按照世界观，剧情，人物三个方面解析首先是世界观，该剧场版完善了关于会馆的设定，以及较为清晰地展示了妖精的强大实力：风息豪夺小黑能力后将一座城市纳入领域之中，随后分馆的妖精们对一座城市的人进行定点传送。很直观，现代人类有科技，妖精也有属于自己的战斗方法。人类确实是那个世界的主宰，但妖精也不是砧板上的鱼肉，双方确实达到了一个平衡，部分妖精加入人类社会则是建立在这个
12160680,关于一个憨憨看罗小黑战记的乱七芭蕉的随笔,10,（）内的是现在编辑的一些补充吧（找电影看的时候看到罗小黑战记在榜上，啊好感动，果然更得很慢会让一个作品失去好多观众，而相反的是，周更之后吸引了更多观众，罗小黑战记终于站起来了，蕾姆）（很可惜的是，因为被困在学校里都市，错过了纪念币，虽然这个“长评”没什么参考价值，发言极度幼稚，哈哈哈哈哈哈那时候我高二，现在马上就要大二了，面对喜欢的事物，就会显得很幼稚吧，但是呢，但是我想分享出来，我终于等到大电影时的心情，会有人懂的吧）（罗小黑终于有钱了，tv版马上就要完结了，其实在周更之后，就开始有点小难过，
12108591,二刷后，仍有些许遗憾,10,这里的遗憾并不是剧情上的，而是画面和台词上的一丢丢。最早一次是在影院看的，这次是在电脑上看，讲一点不同的感触吧。（距离看完已经过了很久，感知上可能应为时间会出现一定的偏差）影院观感：影院内是一刷，而且大屏幕，当时赶得首场，人少且没有吵闹的背景音，观影时很舒服。虽然我也在影院看过其他优秀的动漫剧场版，但罗小黑给我的感觉还是会有不同。首先，背景绘画很优秀，尤其是自然环境。大荧幕上前半截海上漂流的宁静和安详的气氛让我十分舒畅，他让我难得感受到了乡野的气息，森林的味道。在看前半段的时候，我一度感受到早前
12157802,简单感想，我又不是专业的，写那么长干嘛,10,小黑超级可爱！无论是六岁的小黑还是十岁的小黑都是世界上最好的小孩！无限是世界上最好的师傅！其实我是看完动漫第39话来的，我知道师傅是为了小黑好，也知道师傅很爱小黑最后才会出来救小黑，而不是看小黑被杀再出来，但是我还是要说一句，无限你不会说话就闭嘴！！呜呜呜呜，小黑不要面子的啊，你还不教小黑认字，先夸夸小黑再说他失败了嘛，小黑很努力了呜呜呜，不过师傅还是最好的师傅！！！风息不吹不黑，我理解他的立场，但并不赞同。我不喜欢他是因为一开始是他控制别人去伤害小黑，他再出场救小黑，他试图用情感控制小黑，让信
12132891,风息与有魅力的反派形象差得远了,10,妖精为什么要和人类和平共处，因为妖精打不过人类呀~~无限当代最强，没道理说人类强者只有一个无限吧。所以，本质上来说，就是在生存资源的竞争上，妖怪输给了人类，只能选择融于人类社会。生存资源的竞争没有对错之分，输了就是输了，会馆模式是大多数妖精们的选择，且看得出来他们过的也还挺不错。风息就是那个不能接受新时代，活在过去的人...妖，如果他只是依靠自己的能力自己反抗，或许有一天他成为最强，成立一大势力，重新带领妖精占据优势，这时的他不是反派，甚至是妖精英雄。很遗憾，风息选择了无视他人...妖意志，伤害
12088518,对风息的一些看法,10,风息啊，更像是渴望回家的游子，龙游就是他的家，家乡里人类、妖精、动物、植物和睦相处，在家里可以轻松自在，可以享受安宁。但因为人类的快速发展导致的破坏，让他失去了家。对人类破坏家乡的行为愈发不满，但又无可奈何的妖精，发现领域这一能力无疑使看见了希望，可无限的登场就像是要掐灭这希望。试问，渐渐陷入黑暗的人，会放弃突然出现就将被熄灭的光的追逐吗？家园被摧毁、改建，剩下的也早已物是人非，但你有一个机会，一举翻盘的机会。获得他，就可以改变现状，最起码可以有一个像家的地方。这样的机会，会愿意放弃吗？带入自己
12018656,可以不要再纠结风息了吗,10,看完38集又过来看大电影，就离谱啊米娜桑，木头一口一句“你可以有自己的答案”，是一句废话吗？每一次我点开重温都能看到风息风息风息风息风息，更离谱的是弹幕里面有好多不知道哪里脑补的莫须有的罪名加在他头上，什么“他就想凌驾于人类之上”巴拉巴拉，我除了看到一个魔怔了的妖精疯狂想把人类赶出自己的领地以外啥都没看见。千言万语组成无数个你们而没有组成风息，至少不是动画组想要描写的风息。看个动画片可以不要那么自我代入吗？站在人类的立场上看，站在妖精的立场上看，这才是各位看客要看。最离谱的大概是在评论里看到的“
11992617,是神作吗？是！,10,罗小黑我在电影院刷了五遍，B站上映又看了无数遍。之前追罗小黑的人都知道这部番的更新是多艰难，但是还是出了电影，最起码有两分是要感谢制作组的坚持。谢谢你们的坚持，让我看到了罗小黑大电影。他不像别的部分（只是一部分）国产动漫，好班底却整烂货，投的钱不知道用去了哪里。罗小黑打破了这一恶性循环，从头到尾都是细心、用心。什么困难都没有拦住罗小黑，让他突出重围，成为了一部神作。有些人可能会疑惑，罗小黑从画风上来看是比较偏Q版（也就是一些人口中的低龄向），罗小黑是怎么在国产3D，或是成熟2D的大环境下成功出线
11659915,简单而辩证的平息内心对小黑的遗憾…,10,首先提观点：咱先不说风息他为了什么，也不说他接近小黑到底是不是关心，至少他没权利剥夺小黑的生命（两次），从这个意义就是错了，洗不白。但从人妖关系长期发展的角度，他是真正的先驱者，战斗者。风息的理想本身可以理解，人妖矛盾也不可回避，但如果实现理想要以牺牲别人为代价，何况还是非自愿的牺牲，那他就大错特错。“如果小黑死了，你还有什么立场说为了妖精”，无限这个问题，他也没正面回答吧。有人说牺牲小黑一个拯救整个妖精种族，可是这个牺牲是非自愿的，风息没有牺牲他人生命的权利，什么时间紧迫崇高理想家乡情怀都不能
7995816,观后吧,10,听说日版配音要上了，再回来看看原版。其实就是个感想回顾吧。每个出场的人物（妖）都很喜欢，甚至包括那些路人都很生动。无限和小黑的相处如果从一种角度看，有点太多了，冗余；但从另一个角度看，温情涓涓细流。各种细节往往看得人会心一笑，又觉得温柔了。小黑真的又单纯又聪明又可爱，这些形容词一点都不矛盾。不像某些动漫里单蠢的人物，小黑真实地太可爱了。就像介绍说的那样，小黑是一个在流浪中遇到各种人和事，不断长大的孩子。无限虽然戏称“神”，各种细节勾勒出的是个流经岁月打磨仍旧保持人心的人，皎皎如月，清润如玉，强大
11841998,第二个长评还是给罗小黑(⸝⸝•‧̫•⸝⸝),10,很喜欢电影。   前调 温柔的，中调 辛辣的，后味 回甘的 。已经二刷啦（注：在其他地方看的）    电影里我讲个比较戳我的点吧。    开场有很多小小的、透明的东西，我不知道这是啥但是根据后面剧情，我觉得应该是生灵气息浓郁的地方才会有的，这样的生活环境是适合妖精的，这也是小黑的家。小黑很喜欢。开场出现的小透明还会变成蝴蝶儿     后来，小黑的家被破坏了。四处流浪的时候到了一个地方，发现了一个飘着的塑料袋，小黑误以为是小透明们，就开心的扑上去，结果发现是个塑料袋，他的失落肉眼可见（图中标的不太
11577669,看完了罗小黑战记，好想给所有人安利啊,10,以前追罗小黑战记番剧时候经常发现更新了一集然后看的时候想到，“诶，之前讲啥来着，咋都忘了呢”，但是这次看罗小黑战记电影感觉就是，“哇，看的好爽，好像剧情也连起来了呢”        喜欢整个剧情的设计，妖精其实也就象征自然啦，还有自然界中的小动物、大动物们，人与自然的关系，考研党政治马原篇讲的很清楚了~ 最终人与自然和谐共生才是正道。剧情没有那么复杂但是又不会让人一眼看穿，就很nice~        喜欢里面的人物，可可爱爱的罗小黑，表面高冷实则暖男的无限，画的像反派但是人明明
11685925,关于风息：“ 一座长眠的大树。”,10,看这部电影的时候，比较强烈的感想就是我一时间无法准确定位风息的好坏。看完也能确定，整个片子讲述的就不是什么非黑即白的东西，甚至可以说强调了这一块“灰”，使得角色的设定让整个影片升华了。然后我看了一圈评论，总结风息在我们人类的视角里，当他用豪夺窃走别人能力时，或是最后选择剥夺小黑生命的那一刻，他好像已经定位在不可原谅的罪人里。“如果小黑死了，你有什么立场可以说是为了妖精？”“我无话可说。”    然后我尝试代入风息的视角回到了开头，在和小黑初遇的时候，风息费了点小心思表明身份，再将小黑带到他的岛上
11475516,关于风息,10,在谈风息之前想聊聊作品的世界观，乍一看没什么问题，但其实越想背后越发凉  “亲人派”妖精会馆的主旨是维持人与妖精的平衡，以此达到和平，但深入思考，两族之间根本不是平衡的，不如说是妖精一直在让步。会馆的规则是不能够伤害人类、不能够暴露妖精身份，不服从的妖精会被强制压制回会馆进行反省审判，反观人类方，其实没什么顾虑，因为人类眼中，自身族群发展是首要，所谓的发展也是必然继续下去的，而这种发展必然会成为妖精（即大自然）的阻碍，哪怕环保组织环保宣言的出现对挽救自然状态来说也都是杯水车薪  简单来说，人
11651678,聊聊电影的二三事,10,第一：首先，从各自种族来说我真不觉得风息和人类有什么好坏之分。但是从风息和小黑的这方面来说，起码对于小黑风息确实不算好人。严重点的说对小黑来说是个坏人，风息为了成就自己的目的牺牲了他人，这就是一种错误。先不论风息的其他方法了，就他通过伤害同族妖精，吸取他们的能力还是不经同意强行夺取来说，从这点来说他也是是坏人。但是对于人类来说这是种族竞争没有对错之分。第二：至于第二点，我想说无限肯定很有钱，就他的领域能力吞噬来说，帮着各国处理垃圾肯定赚翻了。哇哈哈哈第三：罗小黑真好看，就是导演短了点
11594169,对于风息，只有理解没有认同的原因,10,我理解风息为什么会有这种放任发展妖精就以后就没有妖精的生存之地这种想法。换位思考一下，假如哪天蚂蚁开始用我们看不懂的方式快速发展，以肉眼可见的速度快速侵蚀我们的生存空间，而我们却只能眼睁睁的看着，阻止不了这种趋势。到那时候肯定会有人主张战争(个人感觉主张和谐共存的人会非常少)    原因有两：                    1.蚂蚁对生存空间的改造人类可能适应不了                    2.侵略性、攻击性太强，猛虎在旁怎可酣睡？
11156187,看完《罗小黑战记》，我的感悟,10,《罗小黑战记》一如既往的高质量。我是看过番剧之后再来看电影的，怎么说，电影确实一次性看的够舒服，比起番剧那真的太爽了。首先是制作，画面非常舒服，非常的萌，细节也是超多，第一次可能还不容易注意到。就算是萌元素，战斗画面也是行云流水，真的很丝滑。是那张不是很燃的燃，看了不会失望。只让人感觉这打斗合情合理，就该是这样比划比划的。其次说说剧情，时间线是番剧之前，里面的人物矛盾突出，每个人做的事都合情合理。但是没有绝对的坏人，结局也是圆满的。最后一段竟然戳中了我的泪点，这是万万没想到的。最后，《罗小黑战记
11018082,除了等富坚老贼，还要等木头更新，有生之年，除了用冷静治愈花痴，我已经无话可说,10,——这是篇想到什么说什么，前后不连贯的意识流的表达。小黑负责卖萌，洛竹负责治愈（洛竹小天使啊洛竹的笑容真的好治愈），无限大人负责当男神，风息负责做那个最有争议性的话题妖物。洛竹的那一句句撕心裂肺的“不要啊！”是在乎的是小黑的命不能丢。风息的那一句句撕心裂肺的“不要啊！”在乎的，是小黑的命可以丢，但“领域”不能丢。而对于无限来说，小黑的能力可以丢，但小黑的命不能丢。       但我不认为风息就是坏的存在。       风息是那种：“干嘛做啥都要忍气吞声，不如优优雅雅地说句（植物），你是什么货色，
10049595,路人观影感受,6,个人观点：一部温馨的动漫电影，其中很多可爱的片段，适合年轻人观看。《罗小黑战记》看名字以为是热血漫，但是电影开头一点感觉不到热血番的感觉。看这电影的封面就不是热血番的路线开头感觉有点莫名其妙，啥也没有交代，看的不是很懂。首先电影开头小黑做了一个在自己家乡被破坏的梦，然后就醒了。作为一个路人，要不是这头猫这么可爱我直接就不想看了。接着给了一分钟无家可归的小黑的流浪场景。真的很可爱呀！感受一下可爱的小黑第一段 小黑与风息小队看到风息的出场就很疑惑，看了一遍后看了第二遍才反应过来风息这是在自导自演，在
10541837,一定要看罗小黑,10,之前刚看完电影的时候写的一些话，搬到小破站记录一下。“我本来想有个家，但遇见了你，我就想跟你去流浪了。”罗小黑是一只猫，一只神通广大的猫。他想有个家。罗小黑本来也是有家的。在一个森林里边。人类的司机开着拖拉机和挖掘机开疆拓土，所到之处森林倾覆，寸草不生。神通广大的猫也保不住自己的家。罗小黑告诉嘿咻，我们一定会有家的。嘿咻点了点脑袋并回答“嘿咻！”嘿啉是小黑的尾巴尖变的小黑团子。自己和自己说话，想来是孤独吧。在小黑的猫生里，风息只比无限早出现一天，但后来的事证明了出场顺序是多么重要的事。风息路过的
10406118,第44次静下心来体会罗小黑战记剧情！在美丽的画面之内得到了不一样的感悟！,10,我觉得罗小黑战记的电影版，讲述的应该是一场不再孤独，寻找自己的家的故事。小黑最开始是孤独的，自己古老的森林家园被摧毁，在新时代的人类的世界流浪，被人类排斥，只想到使用暴力对抗人类，并且怀揣着一定会找到家的希望风息出现了，他为小黑提供了住所，保护了他，给他食物，对他好，想尽办法让小黑成为自己的家人，小黑快乐的认为自己找到了真正的第二个家无限出现出现了，他无法提供像风息那样美味的食物和温暖的住所，但他发现了小黑的天赋和潜力，他教会小黑本领，他告诉小黑可以有自己的未来，可以自己选择道路，但又怕他走上歪
10382179,罗小黑评价,10,就我个人而言 ，这部国漫是我目前看过的国漫中最惊艳的一部 ，虽然文中的立意我见过 但是故事讲的非常不错 ，电影的观感也非常好 ，虽说并不是非常厉害的动漫制作 ，但原作也是诚意满满 ，这非常的棒 ，对于风息有的人对他极度厌恶，我想说，人不是非善即恶的 ，我觉得他的做法一点问题都没有 ，因为，从不同的视角来看 观感也不同 我举一个简单的例子这个世界上有两个国家 一个国家因为制度先进，科技实力发达，百姓有素养 ，百姓思想教育良好 ，而发展的非常的快， 另一个国家呢古代的封建制度 ，所以说百姓发展的很不
3792814,《罗小黑战记》:陷入高口碑低票房魔咒?真的是这样吗？,10,太过宠粉的叙事手法，成为《罗小黑战记》出圈的最大阻碍。看完点映，思忖了一周，终是想明白了《罗小黑战记》的吊诡之处：对于粉丝来说这是场盛宴，对于路人而言这是场要素过多的公路之旅。即使口碑再好，也仅是饭圈的狂欢。它对路人的不友善，决定了其票房一般的实质。   从第25分钟出海，到第41分钟下海，这16分钟的海上公路剧情，成为了《罗小黑战记》抓住路人的最后一次机会。    可惜的是，MTJJ过于偏执，在剧情梳理和镜头调度上并没有像路人妥协，依旧以“娓娓道来”的方式，阐述自我心中的那份炽热。    我不
10202453,感谢作者，我很喜欢创作出的这个世界,10,无以名状，这部作品真的很棒。《罗小黑战记》可以说是国内动画流量顶点的作品之一，但他的第一部大电影并不是纯粉丝向的“福利”。作为一部动画电影，他绝对是出彩的。剧情的展开、节奏的推动、画面的描绘、故事的处理，音乐等等这些水平不亚于任何大厂的作品。我看出了作者的能力与信心。我说说我特别喜欢的两点吧，第一就是画风，全程观看的非常舒服没有任何出戏的地方，我知道这种平缓其实是要花很大功夫的。第二，就是我很喜欢这部电影的世界观的设定，在你我生活的城市中就有超能力者与我们一样生活噢，不知道别人，反正我可是从小就
9778185,写给乱打一星的,10,感觉nc越来越多了，好几个番底下都有恶意评分的。罗小黑电影确实有缺点，但其剧情制作都很走心，有眼睛的人都看得到（如果没有眼睛谁也没法。有些人纯粹没事找事，人家9.9挡你眼了？人家实力摆在那里，恶意刷一星还在那里比较把自己弄得很高傲的人，是想干啥？整天阴阳怪气的。还有直接说罗小黑配不上9.9，谁谁谁能配上9.9那种。 真搞不懂这种人弹幕礼仪是怎么过的？？？？？？？？？感觉现在评分系统都不行了，一群恶意刷低分的。
9607172,罗小黑最高！！！,10,最初接触《罗小黑战记》是因为tv版中，小白和府先生的那段对话，以此入坑，最初只觉得是一部温馨，治愈，小清新泡面番，对这种不太用脑，一笑而过的番剧，基本看完就忘，再加上小黑这部作品的“独特更新”时长。。。嘛～怎么说呢，我个人完全属于剧情派，如果一个故事没有具体主线剧情的话，我一般都不太感冒，说白一点我不太喜欢搞笑类，但即使如此我仍然一再的重温，这便是这部作品所带给我的特殊魅力，《罗小黑战记》最早放出大电影的消息时，我真的非常期待，虽然我没看过漫画，也不了解世界观，（我个人基本动漫党不追漫，除非看了
9459824,目前国内顶级的2D动画电影，非常成功的文化输出,10,2019-09-13影院观影出乎意料的好看。整体水平四星，因为国产情怀多给一星。我没看过罗小黑动画，是在什么都不知道的情况下去看的。所以跟我一样，对罗小黑IP一无所知的人不用担心看不懂，反而这种情况下才能感受到最大程度的惊喜。题材是我很喜欢的现代背景东方玄幻，我之前并不知道这一点，所以观影的时候很惊喜。中国味浓厚，很好地表现了中国特色。虽然画风简单，但动作很流畅，打戏多，表现力强，画面不崩坏。笑点很多，插入自然，一点都不尬，没有屎尿屁，高级不低俗。主题挺常见，探讨了“人与自然应该如何共存”，“人
9160978,看到某些长评我是真的无语。。。,10,假理中客真的给我看吐了。正要客观评价，我觉得这部怎么说都是4星以上的。以前没看过罗小黑，但我感觉电影观感还是很不错的。故事情节，人物刻画，画风以及超能力的打斗都很对我胃口。第一次重新认识到了什么叫理中客哈哈哈哈哈哈。我觉得粉丝喜欢一个作品安利给别人不是很正常吗？踩一捧一确实让人讨厌，所以因为讨厌这些人，就把恶意宣泄到作品本身？真想当个理中客，请去那些脑残粉那里对线。在影评里找存在感，真把我看吐了。当时去看魔童，我也是被别人安利了才去的。罗小黑战记我当时被名字给劝退了，现在想想没去电影院看是真的后
9233357,我心中的国产佳作！必须五星好评！,10,我问客服了，评分怎么写都行，我当个标题党，蹭热度，没问题嗷。客服小姐姐别删除我嘤嘤嘤，反正你们相关工作人员说的写这个不带脏字都是可以的嘛我就看贵站怎么处理乱写的长评。对了，这篇专栏正好凑够200字剧情目前看来很好，这种事情见得多了，我只想说懂得都懂，不懂的我也不多解释，毕竟自己知道就好，细细品吧。你们也别来问我怎么了，利益牵扯太大，说了对你我都没好处，当不知道就行了，其余的我只能说这里面水很深，牵扯到很多东西。详细情况你们自己是很难找的，网上大部分已经删除干净了，所以我只能说懂得都懂。缺点：在我
9104248,《罗小黑战记》,10,2021.1.2 元旦快乐！国产动漫之光！果然还是跟着师傅走最贴心~~让我想起了小黄人找主人，哈哈哈哈哈！很多作品都有“夺取别人能力”的能力的设定，这不符合“你有一个苹果，我有一个苹果，互相交换之后就都有两种思想”的传承策略。如果一个东西是举世唯一的，那你还想拥有，就得小心点了。另外，欢迎妖精们加入人类世界，吃熟肉可以减少寄生虫疾病。先写到这儿吧，改天再来追评。200字200字200字200字200字
8931919,风息回家，别无选择,10,超喜欢罗小黑战记，所以情怀+我觉得真的很好看给了满分。小黑依旧的可爱，无限的反差萌让我欲罢不能awsl 风景美丽，细节用心。是我心中的佳作+++回到我最想说的，关于风息的结局:我一度非常不甘心，发出了他不就是想回家么！为什么非得死！的怒号，最后冷静下来，也明白了结局的合理性。不愧是我最爱的mtjj(x风息想回到原来的家园的执念太深了。。这份执念，又或是执着，让他不择手段。他的手段我无法接受，但是一想到他要小黑的能力和自爆变成树仅仅是为了留在自己的家乡，我就觉得太心酸了。。明明只是想回家，不再流浪
8593646,欠她（罗小黑）一张电影票,10,很久没有写长评了，没有看过罗小黑，之前被朋友推荐，但是一直没看。现在刚看完，挺后悔的，觉得欠她一张电影票，剧情很棒，让人深思和感动，即使没有看过罗小黑，也依旧能沉浸其中。从动画的流畅度来说，这算是一部很有心的二维动画了，小黑这个人物的设计，超级可爱，纯真的大眼睛，让我扬起姨母笑，人形的眼睛也总是充满希望。电影中人物的动作很自然，情节搞笑的地方也很多，当然最喜欢的还是小黑和无限独处的时光，打斗的场面也很精彩，特效很帅气，画风是我喜欢的，场景的构图和色彩也很大气，特别是最后的会馆，给我眼前一亮的感觉
8336488,对电影版的一些个人感受,8,写这篇长评以前我是一直在3星和4星直接纠结。电影版相比较tv版来说没令我有那么高的好感度。在剧情的结构上tv版可以猜到这个世界观是很大的，包括很多未出的角色未解之谜都还有很多伏笔是很吸引人的。但是对我个人而言，电影版的剧情不那么有吸引力，抛开从tv过来了解罗小黑和无限的渊源的这个点，电影版罗小黑的故事剧情概括起来像是小白男主误识“反派”，然后又认识了“正派”的无限，然后一句熟悉化解误会，认清风息面目的过程，最后打败“反派”，唯一的好一点的只能说是这个反派是具有两面性的，不是传统意义上的童话里那种
8589716,每当心浮气躁的时候看看吧,10,这部期待了好久的电影不负众望，每当我一次次打开它时，心里总是回荡着暖意。这部电影就好像包含了所有生活中看不见的小波动，小细节，却让人在欢乐的地方开怀大笑也能在感动的地方直击人心，《罗小黑战记》这个作品就像暖冬金灿灿的流云，给了我不少的惊喜。  在电影中所呈现的别具一格柔和的画风还有光线，水，一景一物，都让我的心不由自主的平静下来。一部优秀的电影，没有人能真正定义它是或。但是，只要是能够让你看了心情舒畅的电影，你无需依靠别人的评价，你就可以认为它就是如此优秀
4693569,风息——为了更伟大的利益。,10,“无论是神圣的制裁、灵魂的堕落，还是良心的不安，都不能惩罚你。只要能成功，你甚至不必背负恶名，因为“只要在人们的能力范围之内，这样做总是会受到赞扬而不会受到非难”。某些罪犯之所以遭人唾弃，无非是因为他们失败了。”                             ——《君主论》•马基雅维利我一直很喜欢像宇智波斑/格林德沃/风息这种类型的人物，看弹幕有很多攻击风息的人，我觉得很气愤，遂决定写一篇长评来说说我的看法。风息最大的错误就在于他失败了。历史都是胜利者书写的，只要你成功了那么你的一切手
8441490,风息没有错！,10,没看过罗小黑tv，直接看的电影。出乎意料的喜爱，是那种从无限进入传送点开始就被吸引住的那种喜爱。故事是一个很常见的故事，古代诞生的妖被人类压缩生活环境，一部分选择离开，一部分选择融入，一部分选择反抗。反抗军在发现天命之妖之后，试图利用天命之妖来重建心目中的家园，和平主义阻止反抗军得到天命之子，从而围绕着天命之妖展开的一系列故事。设定大的来说，人妖和谐的大环境没有正面描述，反抗军受到的压迫不够明显，在生活得这么好的融合派面前，反抗军更像包着过去辉煌不肯承认失败的loser。小的来说，通过师徒公路之
8470181,二刷以后的看法,10,以我个人来看对这部电影的观感比较舒服的，看着全篇没有一处很尬的地方，笑点恰到好处，唯一一次难受的地方也就是风息在领域里说的那句“空间是他的”那句话吧，一刷的时候是享受这部电影，二刷的时候也发现了些不足，比如电影都过去半小时了如果没有一刷的话是很懵逼的，很平静，不知道要讲什么，如果我稍微是那种不耐烦的类型可能就不想继续看下去了hhhh，不过这仍是我个人认为观感最好的一部神作（第二是来自深渊）ps:我已经是罗小黑战记的精神股东，已经入资九千万亿了（bushi
8350589,一年之后回来打个分,10,突然发现我可以写长评了快乐之前大电影上的时候直接带了两个不看动画的室友去看，看完两个人都说好看hh，我看大电影之前没看过tv版，因为感觉画风好卡通，我喜欢燃系战斗番去看大电影也是因为只对动画电影感兴趣，看到有一个上映了就去看了结果看完被打脸。卧槽好燃！那个打斗真的行云流水啊，小黑好可爱啊，无限好帅，哪吒也帅帅的，每一个配角都喜欢以及电影的人类和妖精共存的世界这个世界观真的好戳我，有被治愈到www（感觉自己说了一堆废话，看到吹替版有关视频太激动了）当时看完大电影只顾着激动了，没太关注评论，然后木头
7568330,想删评论删不掉,10,长评不能删吗长评不能删吗长评不能删吗长评为什么不能删，我想删评论删评论删评论占字数占字数。为什么不能删为什么不能删不能删不能删，啊卡密，占字数好累想删评论啊删评论想删评论让我删评论200字字数要求好高这么没有营养的评论麻烦系统给我删了好不好这个评论真的无意义让我删掉好不好两百字啊两百字你好难凑删评论啊删评论啊阿b删评论好不好凑够两百字真的好累啊啊啊啊啊啊啊啊啊啊啊啊啊啊啊啊啊啊啊啊啊啊啊啊啊啊啊啊啊啊够了
8178133,小黑赛高！风息可惜。,10,去年到电影院看了！看电影之前有接触过小黑，大概也是初中，印象不深，而且更新也太慢了啊摔(ﾉꐦ ๑´Д`๑)ﾉ彡┻━┻！然后过了六年，想跟朋友打发假期的时间，就买了票去看了。电影院人不多，我也没有报太大希望，毕竟印象里小黑只是一只萌系的小猫。我甚至在无限刚出来的时候一度跟小黑一样以为他是坏人，还默默吐槽他不够帅，不够吸引眼球（我错了。之后就是海上以及冲突没有爆发的那一段儿，是我最喜欢的一段儿，甚至比后边打斗还喜欢。这段时间，让我们所有人都能从小黑的眼睛好好的认识无限，认识他可爱的灵魂，猜想他在长长
7920056,从大电影入坑的粉丝,10,早就听闻罗小黑战记TV版的大名，但是我一直没提起兴趣，对它的印象一直都是个萌宠治愈系的番剧。这次去看电影，也是冲着海报上那只大眼睛的小黑猫，想去放松一下心情，结果，收获了一个天大的惊喜！整场电影我看的非常投入，一点门槛都没有，完全沉浸在剧情里，随着小黑一起，被迫离开家乡，遇到了妖精同伴，被“敌人”抓走，大海上航行那段戏看的非常舒服，导演很厉害，电影里各个笑点设置得很到位，不是低级尴尬的屎尿屁，都是让人会心一笑，这点非常戳我，入坑后去补了tv版，发现全剧都是这样的风格，觉得自己捡到宝了。很久没有遇
7919486,观后感,10,请让我先呜呜呜一会呜呜呜小黑真得太可爱了呜呜呜无限这个男人怎么那么棒！！怎么那么帅！想对无限说：“我要跟你在一起！”无限惊讶无限受伤呜呜呜小黑也好棒啊！呜呜呜这部电影真得好温暖！每一帧的画面都好美！随手截好了，进入正文。原谅我很早之前（大概三年前）就看了罗小黑的动漫，然而看电影的时候全部忘光光了。虽然电影的时间线在动漫的四年之前。认真讲，以我浅薄的阅历看，这是一部好的国产动画电影。画面精美，每一帧截下来都可以做壁纸！打斗精彩，特别是最后那段，真得看得我热血沸腾！剧情也很不错了，也挺现实的，人与自
7849604,请再多一点这样优秀的动画片,10,电影院看的小黑，今天又打开看了一遍，最近对评价这件事有点不同的想法，以前做任何事都不喜欢评价，现在觉得对于喜欢的作品应当说出来，给予鼓励；对于有遗憾的作品，也应当说出来。作为一名观众，虽然之前完全没有接触过，但是一点也不影响对剧情的理解。而且最喜欢小黑和无限旅行的那一段剧情，很温馨很有意思，笑点也很自然，是让人发自内心的觉得愉快。人物对话里埋了不少“彩蛋”，如果没看过罗小黑战记和蓝溪镇的话可能看不懂，但是这些都不影响剧情发展，或者应该说，是因为制作团队用心的创造了这个世界，所以才有这些“彩蛋”，
7547710,送给小黑。,10,看这部影片还是因为他很出名再加上无聊，看来打发时间。最初就连我自己都没想到我能这么上头。一开始是因为这种国风的动画比较少见，不过一开头我就惊艳了——那个森林！我第一眼看到的时候蹦出来了几个字，宫崎骏！虽然二者毫无关联，但再一想，足以表现出我当时内心的汹涌澎湃。不过我大概在十来分钟的时候还没完全投入进去，直到无限出来，才开始狂吹颜。到师父带小黑出海，小黑一点点与他接近的同时，我也忍不住开始跟着剧情走。不得不说的是小黑的主题。我看得粗浅，只记得一个保护环境，还有小黑的一句“有你的地方就是家。”保护环
7703572,罗小黑战记,10,不知道是在很久以前，还是很久以后，不知道是在这里，还是在那里，有这样一个世界，神仙，妖精和人类生活在一起。在那里，神仙，妖精，人类在本质上都是相通的，神仙也不过是一个称号，其实也是一个妖精，只要达成与自然灵质的联系，掌握自然之力，达到某种条件就可以称神。妖精是生物形成方式的称呼，并不是因为他们能够操纵灵质，理论上所有生物都可以做到。因为聚灵而生，所以精灵对灵的控制有先天优势。但是这个世界最强者却是一个人类，他的名字叫无限。故事从一只小黑猫风餐露宿的生活开始讲起。家园遭到破坏的它，流落到人类世界当
7647987,真的看不下去恶意一星，罗小黑还是值得一看的,10,电影都上映一年了，怎么这个时候突然这么多恶意的一星评论冒出来了？实话实说，罗小黑电影初看是觉得有些平淡，但那是在电影院无法互动弹幕和慢慢回味细节的时候。我昨年和从没看过罗小黑的室友去电影院，在看完电影之后，我问她觉得电影怎么样，是不是看不懂或者剧情有点平? 她说前边确实有点慢，人物关系也不太清楚，但清新的画风，简约干净的画面还是很吸引人的，让人即使看不懂也不会无聊到玩手机。而后面了解了人物和所在的势力范围，打斗毫不拖泥带水的时候，就逐渐入戏了。她看完电影后还去看了罗小黑TV版，B站上映后偶尔
7578263,罗小黑的世界需要小白,10,罗小黑的世界里，万物聚灵而生。人类：物质灵与生灵的结合，大部分人灵质空间小，几乎无法聚灵修炼，少数人例外。动物：物质灵与生灵的结合，大部分动物只能凭借本能来获取灵。妖精：动物的进化体，拥有智慧，可以修炼，并且比绝大多数人类的灵质空间大，灵的亲和力也高。精灵：生灵自主聚合而成，可以拥有智慧，极具修炼天赋，拥有极高的灵亲和力。但是大多数精灵都是如同飘散在空中的白色小泡泡，不具备自我意识，没有固定形体。神仙：灵质空间修炼到一定程度，最明显的特征是开发出自己灵质空间的特征——一种基于灵质空间施展的能力（
3792704,如果有人问我世界上有没有什么东西是完美的——,10,标题抖个机灵，罗小黑其实并不完美，但确实是我心中的完善之作。内心的评分是4.5星，但因为B站评价没有半星的设定，所以选择5星。人工分界线先来讲讲不完美之处吧。抛除一切情感因素，我能从《罗小黑战记》大电影中看到的失误——应该说小失误有三处，其中两处同时发生于一个阶段——就是风息等人从无限手中夺回小黑，到无限从虚淮手中抢到已经被豪夺领域的小黑这两个情节中间。第一处是当小黑试图说服风息的时候，风息说“这里（龙游）本来就是我的家”。这个情节因为没有铺垫，所以相当有种“剧情杀”的突兀感，如果仅仅为了交代风
7579931,一部优秀的作品，但不是神作,8,（不要问我为啥这么晚写，问就是懒）我是从17年知道这部番剧的，只不过没仔细看。后来，来到了B站。突然有一天，我看到了首页一个视频，罗小黑战记大电影预告。瞬间我就想起了这部被我遗忘的作品，就去补了一下番。作为一名刚上初中的准初中生，我没有写长评的经验，所以，如果那些地方解释的很烂，请谅解，可以喷（但别说我恰饭）先来了解一下剧情开头部分，小黑（那个时候小黑还没姓，要等罗小白）正在森林里睡觉，但人类突然来破坏这里的自然环境。于是，小黑的家园就没有了（这里可能也搞了保护环境的老套路，暂且扣0.1）之后小
6469190,表面5星，其实是想给4星的,10,首先说说分数是怎么来的吧。（先提一点，我是老粉，从2014年一直追到现在，见证了这部动画的成长）       第一，我是真的喜欢小黑这个角色。喜欢他的外貌及行为，喜欢他单纯幼稚的理念。说白了我有点猫奴，就这一点虽不会让他直接满分，但在我心中他已经留有一地了。       第二 ，画风美工。虽然小黑的画风肯定不是动画界中的上流，但凭木头在长达九年的辛苦中不停摸索独属于这部动画的画风，这点已经可以给他高分了。罗小黑的画风就是幼稚，但却可爱，和动画整体基调太贴合了。       第三，配
7291845,八分四星，看完动画和剧场版的一点看法,8,打斗一般的好，剧情逻辑自洽但平淡。四平八稳，没啥起伏。我是一点五倍速看完的，观感不错。作为一部前传性质的剧场版，剧场版完成了它的使命，解释在这之前发生的事情并不让后续剧情出现明显的剧情bug。剧场版解释了无限和小黑相遇和拜师过程，展示了小黑的能力并且一并把小黑为什么白发的事交代了。是剧场版但更像是个拼接加长版的动画长篇，剧情简单概括就是，小黑在诞生之后被风息一伙收养，看似好心却不怀好意。在一场打斗中小黑与风息分离并被无限抓住。小黑在与无限的生活逐渐学会操控金属并与无限和解，在最后决战之后，小黑拜
7154524,对部分一星评论的驳论,10,"1.主题烂俗，要么是环保片，要么是打着善恶不分的病态价值观卖票的驳：架空世界观中本身就没有客观的善恶，只有主体客体的分立，从人类和会馆的角度看，风息绝对就是恶，这毋庸置疑。与其说打破了所谓""善恶二元论""，倒不妨说给观众多提供了一个审视问题的视角。就实力而言，妖族和人族本身不平等，妖族有绝对实力优势。至于为何会成立会馆这样的类zf组织，为什么要追求维系""平衡""，可能更多的传递的是作者的传统中式价值取向。从适者生存角度看，成立会馆向人类让步似乎极不合理，但是又同时塑造了一个""反叛者""的形象，让故事背"
7135897,关于一些评论和电影本身的看法,8,首先，有一些评论把玩梗说成蹭热度，‘这我无fa可说（可以连起来读），第二点，有很多不理智的粉丝去招惹别的，同为高质量电影的粉丝，去发表一些无脑的言论导致招了不少仇恨，然后就是一些“特别”的评论，比如说什么小黑像“狗”啊，什么白莲啊。说狗的那个，我个人觉得应该是没有仔细看，说白莲的那个应该是从旁观的角度来看了，因为你想想就知道结局小黑为什么问无限了，因为在一开始小黑就不知道那些攻击他的人是谁，但是他知道救了她的是风息，这也让他觉得风息是个好人，然后到了后面他开始产生疑惑：抓风息的无限到底是好人还是
7118004,罗小黑战记 纯路人第一次观感,10,罗小黑战记是我看过最为治愈的国产动漫了，画风很独特！我喜！其实原本是想打4星的，因为高潮部分并不是很燃，剧情有点点拖，就是海上的那一段，但并不影响观感w结局较为平淡，但是十分暖心，也很让我感动~而且毕竟是导演木头及制作团队的初次电影创作~有着这样的效果真的是很棒的啦~对于路人，本人觉得门栏并不高，世界观大体都描述的很好。之前说的海上旅行剧情有一点点拖我认为就是导演特意安排的，并且，海上旅行情节也是可以看出来罗小黑对无限态度的转变的~其实无限对小黑的看法和态度也在悄悄地改变呢~如果结合 海陆旅行
3853762,如果说番剧尚且可堪一看的话，那么电影就纯粹是一场视觉灾难了。,4,木头习惯了在五分钟的泡面番里抖机灵，他甚至没有过二十分钟的经验。时长近乎两个小时的电影，不是现在的他可以驾驭的艺术形式，心态和能力都达不到。木头的剧本理念是“不玩套路”、“浑然天成”。这种想到哪儿写到哪儿的随性，用于五分钟的短片，固然可以体现出鲜明的个人风格。可要是将其带入到电影的创作里，就会变成一种无视创作规律的傲慢。没有人可以靠感觉填满两个小时，如果有那必定是错觉。【从前有一只离开森林的皮卡丘，遇到火箭队三人组以为他们是好人。小智追杀火箭队救出皮卡丘。皮卡丘以为小智是坏人天天电他。火箭队去
6630170,请各位不要因为情绪或博人眼球等原因给罗小黑投一星好吗？（字有点多，请见谅）,10,其实作为一个罗小黑的老粉丝，我觉得真正发自内心喜欢这部作品的人，已经脱离了对这部作品的是非评判，因为这部经常被调侃“有生之年”的作品在如此之长的时间里渐渐融入了我们的记忆，像是一种情怀。就像我们很多人一提到情景喜剧就会想到武林外传，并且翻来覆去一遍遍当下饭剧看。当然罗小黑可能确实有很多缺点，这是粉丝们可能不能太客观看待的问题。也许可能在电影的宣传和上映时期真的发生了乃些所谓的蹭热度、控评之类的事情，但要我自己来说的话，其实我觉得这些跟我这样情怀点满的观众完全没有关系。因为我们真的不太在乎乃些是非
6819392,小黑我的！,10,2019，凌晨，夜黑风高，人躺床上，被中有吾，但手仍凉，为何坚持？手机在手，何不坚持？眼看b站，手划番台，甚是无聊，脑中闪过，“七月新番”真乃神奇，名字修长，内容沙雕，沙雕观久，必会无聊～矣！非吾不看，会员甚贵，吾看不起！突然，有部神番，闪过眼边，画风简便，可爱封面，一眼瞄去，猛男必看！手不自觉，点了进去，好家伙！上来武斗，场面甚快，只见两人，蹦跳自如，你追我赶，可谓娴熟，原因不明，看看弹幕，人让细看，反复观看，放慢端详，吾是何人？岂是那慢看之人？当然逐帧观看，放慢零五，仔细端详，也不见有任何细
6723832,观《罗小黑战记》有感,10,它是我见过画风最治愈的电影，甚至好过《你的名字》。罗小黑的制作团队确实用心了，精美的画面制作和引人深思的剧情无不令人感叹，尤其是看到风息从自己的心脏长出树来的时候，真的被震撼到了，就是番剧会馆里的那片葱郁的森林，风息真正做到了一直守护自己的家乡。看过番剧再看电影，心中顿时充实，感觉一切都连上了。唯一的缺憾就是宣传过少，不够火，可以说罗小黑系列真的是宝藏了。  电影中的“共生问题”引人深思，风息的自然有自己的立场，但极端的想法必然不可行，会馆恰好起到了一个中和作用，但不能说会馆是绝对正确的，每
6063051,罗小黑战记随感--“中华田园风”治愈动画,10,为什么用“中华田园风”来形容罗小黑呢？中华略指中国华夏，因为罗小黑产地中国，且在艺术文化风格上带有中式韵味。所谓的中式韵味，一方面源自罗小黑的创作内容和内部描绘的建筑风格，另一方面生于故事主题中有别于美式英雄主义和日式武士道精神的一点点中庸气度，最后一点点来自剧里无处不在的“田园”。田园有虚有实。实的田园是画里小白爷爷家所在的乡村，是我们小时候捉过鱼的水塘。大片大片的农田，本身就是中华民族传统艺能最亲切的表达。如果说这都不够“中国风”，那夏天的蜜桃，秋收的稻米，冬天红彤彤的苹果，又是由谁的汗水滴
6246049,补个长评（对于恶意刷低分的一些想法）,10,点击进入查看全文>
5790090,至于东吴马神捕影评的一点看法,8,对于您的评论，我想有一些地方是不太确切的，无论是您在整篇评论中所体现的理念也好，精神也罢，我相信都掺杂了更多的负面情绪下的思考，是不公正而不确切的首先，您在批判中写道，善恶难以界定一点是一个非常虚伪的伪思考，我不甚认同，先不讲有多少人默认了社会也好生活也好从小为我们灌输的纯粹的善恶理念，这个问题是否有深度的问题，但是对于这个问题的思考也曾在不少的影视或许文学作品中被一再的提出和讨论，那么按照您的说法，是否这些作者都是没有独立思考精神的伪思考主义者，而他们讨论的是否也是毫无意义的问题。而另一方面，
5948370,驳某人关于罗小黑电影的偏见,10,作为一名少年番的爱好者，我很难想象自己会对罗小黑这样一部电影产生兴趣，毕竟在很多人的眼中，他的剧情实在是太慢了，而且打斗场面和故事情节方面确实也很平淡，但是我认为正是这样一些看似的平淡，才造就了这部番的与众不同。首先，我认为大多数人所提出的问题并不是粉丝们真正在意的，毕竟TV版的老观众都知道，原本TV版罗小黑的剧情就是以八分钟一集的泡面番为标准制作的，而大电影能够将剧情延拓之近两个小时，我认为已经是一种突破。而且TV版的节奏甚至比电影版还要慢，但是这影响到许多粉丝对罗小黑的热爱了吗？从大电影后T
6138558,关于对《罗小黑战记 不再流浪》的点评,10,首先，需要声明一下我是《罗小黑战记》的粉丝之一，但关于《罗小黑战记》的点评，这里就不过多赘述了，因为过分喜欢所以说有可能会潜意识的美化这部电影，但是我会尽量压制这种想法，努力做到最公正的，最理性的看法以下点评纯个人看法，不包括他人的想法，也不会执意强迫扭曲他人的想法观感建议1这部作品我试着遗忘掉《罗小黑战记》进行观看的，基本上没有问题，这个是罗小黑战记的前传，讲的是罗小黑在遇到罗小白之前的一些事情，所以不必抱着我没看过动漫，所以我看不懂的心态去看，因为如果要是你这么想的话，你自己就给自己暗示，你
5941697,4刷，心情差的时候总会看看,10,剧情方面，对路人并不是很友好，前面的节奏稍慢，我一老粉在前几分钟都有点昏昏欲睡。其次因为是粉丝向，很多东西做出来就是为了让粉丝们会心一笑的。小黑的粉丝对这部电影应该都很满意，他没有绝对的善恶，给人更多的思考。我看了这么多遍也能理解风息的选择了。小黑的能力可能是自己重建家园的唯一希望，他为此堵了一把，不惜伤害同类和人类，到了最后，他也只能一错再错继续下去，那是为了心中的故土。电影也揭示了为什么猫会上厕所，猫会自由泳，还有涅帕这次被抓后应该遵循了会馆的规则，只抓会馆允许范围内的人。（没啥配图，就从自
5736542,真正的国漫之光,10,在《魁拔》系列因公司破产宣布无限期延期之后，我觉得国漫又被狠狠的阉割了一次。之后无论是《大圣归来》也好还是《白蛇》也好，都逃不过传统的阴影。这不是坏事，但国漫需要不一样的声音，需要传统也需要原创。《大护法》也许是质量上的巅峰，但晦涩的深意使他的广度不够，而饱受剧情诟病的《大鱼海棠》更是两极分化。            然而我在《罗小黑战记》这里看到了希望，100%原创，不算十分优秀但合理的剧情，流程的画面，优秀的分镜和足够打动人的内涵。也许他在票房上没有达到所谓的成功，但他在日本饱受动漫大
5873005,之前的想法纪念一下,10,之前发在动态里，现在在长评这里记录一下。有剧透请注意。我在很久就听说了罗小黑大电影的事，期待了好久，可是因为有事没有赶上首映和点映，在之后抽空看了一次，想二刷可是一直没有时间。在之前我因为微博上各种信息知道了与风息有关的一些剧情。所以那时我是带着一点警惕的心态看风息的，可是看到风息的结局我非常的难过，甚至现在看我都忍不住哭，也许他非常的戳动我吧。无论是被迫离开故乡的不甘还是下定决心使用隐藏很久的豪夺（这时他已经没有回头路了吧），可是不这样他能这么办？他不像小黑接触的不多，他的是非观早就已经定下，
5488065,不错，但不优秀,6,本来准备写个短评的，但是字太多就改长评了。直接说吧画风：3星看番剧的时候能感觉到，这部作品的画风看似简陋但却有一种特殊的风格并且很有灵性。电影版的画面比番剧更加精美，却丢失了那股灵气，因此画面上作为看过原番剧的老粉丝，我只能给3星。配音：5星没什么好解释的，确实是业内最拿得出手的配音团队了。剧情：3星剧情比较正常，确实有电影大荧幕那种大开大合的感觉，但说实话并不惊艳。三星很客观，如果算上对原著的加成我其实能给勉强给到四星。人物：4星这个是罗小黑战记的一个长处，他们在番剧时代就因此而让我影响深刻，
5529044,个人的观后感,2,我是罗小黑战记的老粉丝了，但是这部片子的很多地方都不是很成熟。作为反派人物的风息，作者想模糊他的善恶性，加入了许多感情描写，可是这些感情描写最后都突出了他的自私和虚伪，作者的目的失败了，他的善恶并没有被模糊他只有他自己的立场，对人妖都是敌对，他对小黑的伤害，一句对不起就完了吗？太轻描淡写了，最后也应当有合适的惩罚，可是就这样没有任何惩罚的化树了，观感就相当的不舒服。第二个问题是：剧情很突兀，突然就结束了，突然就失去能剧情很突兀，突然就结束了，突然就失去能力了，既然是神，为什么连自己都救不了，明明
5580696,打五星的理由，很简单,10,我喜欢这部电影，所以我给它打五星。或许它有许多不完美的地方，但是也有许多让我喜欢让我惊艳的地方。我看电影是比较随心的。说白了就是为了快乐为了开心，而并不为了之中所谓的什么内容什么内涵。内涵，我看出来了，自然是我的收获，我看不出来，那就错过吧。毕竟，谁说电影一定要有对人意义呢？谁说看电影一定要看出点什么呢？我纯粹是在欣赏一部作品而已。不抱有任何功利心的。喜欢这部电影，很简单，我喜欢它的画风它的故事与其中刻画的人物。就是这么简单。
5296073,表达一下我对罗小黑的喜欢,10,刚上映那会儿忘了在忙什么，直到今天才来看完唉，我又错过了一次去电影院看的宝贵机会，生气气出场的无限，风息等对我来说很陌生，但不得不说他们的存在感很强立场对立，又同时处于领导位，确实很吸引人啊，让人不由自主追逐他们的身影小黑在电影里是个小小孩儿，还没有成长起来，未经风霜，单纯可爱的让我忍不住想rua（今天也是云吸猫的一天呢）看电影的时候我几度哽咽，欲哭但强制忍住了，为对立，为破坏污染，为伤害，为背水一战惊叹电影所展现出来的内容，从画质到节奏到音乐到配音都是我自己认为很舒适的惋惜电影似乎是小众，周边
5453780,震惊！听了木头的话某小黑粉竟这样想…,10,我觉得罗小黑粉丝在发表影评之类的东西的时候得注意木头说过的，好评可、差评可、恶评千万不可。有的粉丝上升作品的或比较有攻击性的差评和恶评就让它独自“美丽”吧，我觉得让它自己烂在坟墓里无人问津是它们最好的归宿。嗯因为木头说他坚决把恶评者拉黑，所以我也试图注意不踩其他作品。但我自己的主观感受是不会自己消失掉让我变成一个圣母般的评论者的啊。我完全不反对差评，一个人认为某作品难看是很正常的事情。有的人觉得小黑特别烂觉得糟我虽然感到难过感到遗憾会感到此人※※※，但我也坚定地认为他的感受是合理的(不包括恶评)
5113232,“中国宫崎骏”？我认为这是宫崎骏被侮辱得最惨的一次,2,点击进入查看全文>
4537317,从番剧到电影到粉丝价值观都是扭曲的,2,（某些人叫嚣着让我提供证据，那我就在正文里贴上吧）一、番剧1、打着原创动画的旗帜，却把蹭热度当作创作的捷径。早年《阿凡达》火的时候，就出《阿凡达他舅》，阿凡达是公共IP了？罗小黑泡面番里蹭火影犬夜叉等一众日漫，有没有问过原作者，请问支付版权费了吗，难道又是公共IP了，电影里敢不敢再蹭一波日漫？电影里出个罗吒，就是后半场最出彩的角色？我看是运气最出彩的角色，电影本来没胆量去蹭别人了，结果运气爆棚，随便一个酱油角色，都能蹭到天大的热度，简直是“蹭热度神”附身！有神附身就是不一样，还可以反咬一口，“你
5135454,太烂了,2,被大结局蠢哭了风息，像不像取小孩子器官的人贩子？结局部分罗小黑事后一脸天真的问无限“风息是不是坏人”（我就不吐槽一个长期独自流浪的角色会像温室傻白甜一样毫无自己的主见了，因为相比起接下来我要说的槽点这都不算什么）无限怎么回答的？面对刚刚从人贩子手中逃出生天的爱徒小黑，无限表示善恶并不绝对，人贩子站在他的角度有他的合理的出发点，不能肤浅的非黑即白。要对世界心怀善意要相信自己的判断巴拉巴拉一一当然无限的原话就一句，以上都是罗小黑粉丝从那一句引申出来的内容，他们表示这样的无限好温暖，这样的木头姐姐好有
5112814,罗小黑一刷影评:“一部很适合给少儿观看的作品。”（少 儿 频 道 划掉）,6,罗小黑来势汹汹，被我很佩服的一个人一句话推荐，自己在观看了两三集短篇后就来看电影，满屏幕的五星让我诚惶诚恐，恍惚觉得自己是在见证奇迹史，后悔到点开视频的时候没有洗个脸呼叫小爱打开影院模式环境灯。但看完整部片子之后，我觉得并没有让我拿来吹的东西，这让我认知失调到一度怀疑自己是不是没有了童心。可看似，罗小黑的电影也确实就是如此：中规中矩。优点成了缺点—“各方面没有特别的短板，但相对来说也并没特别的突出。”首先，在见证了很多影片之后明白用爱无法发电后说说现实。在动画事业建设上面，《罗小黑战记》是有些许
5063785,罗小黑是狗不是猫吧,2,无限和罗小黑感情产生的过程就跟最恶俗的总裁文里的霸道总裁小白花剧情一模一样，写的还没有人家细腻。我是不懂，能把这种展开吹上天是什么村姑审美。我只知道有人拼命的想带这对cp的节奏，可惜无人买账，只能狂吹所谓的治愈。一一剧情不行人物刻画不行台词也不行的作品，有内涵的叫文艺，没内涵的就叫治愈，大家都懂的。罗小黑这个角色的塑造简直是对爱猫人士的侮辱。这个角色浑身上下没有一点儿像猫，更像是一只狗，谁给他骨头就跟谁走。木头是对猫有什么误解吗？我只知道一个根本不懂猫的人，却打着爱猫人士的旗号吸流量，是一件蛮恶
5154603,粉丝吹的我尴尬癌要犯了,2,首页那个五星吹的什么玩意儿啊？人物两眼无神说明被控制铺垫了风息是坏人。嗯哼，没毛病，但是他的结论惊到我了。【一部故事作品——不仅仅是动画，是所有好的故事作品，不限载体。能体现它节奏、结构和剧情优秀的其中一个要点——是整个故事中每一个场景、分镜、人物都有其存在的作用。而罗小黑完美地做到了这一点。】【一部一小时四十分钟的2D动画电影，能用如此细腻的方式讲故事娓娓道来，并且将结构编织得环环相扣、紧密细致，感情冲突亦是水到渠成，人物塑造立体灵动，真是让人感到惊叹。】这都是什么gui啊，让我不禁想起微博饭
5168872,好喜欢洛竹和无限,10,好喜欢无限啊，实力天花板但是不战斗的时候却全身都是萌点，温柔又强大。也喜欢洛竹，小黑对他来说真的很宝贵，他内心是矛盾的，想夺回原来的家，但也不想失去小黑。真的还想再多看一点洛竹和小黑的互动。打斗场面行云流水，简直太流畅太舒适了！cv老师们的配音也很给力，剧情连贯不拖沓，里面彩蛋连连，是一部值得反复回看的动画。他给观众带来治愈，欢乐，感动。画风也非常讨喜。我感觉到我国的动画真的越来越用心，越来越追求质量。希望像罗小黑战记一样优秀的动画可以越来越多！支持国漫，会越来越好，越来越棒！
5007438,谈一点不足，但是瑕不掩瑜,10,配音上确实有问题，有一部分反派(也不叫反派)配音太脸谱化(也不是脸谱) ，也不是太仙，就是太淡定了，好几个人说话的感觉都一样，虚淮和无限说话好像啊，性格特点没有区分开啊，虽然他两个性格确实有点像，可能是配音演员不足的问题？不应该吧。不过山新在第一季配了好多个人呀，但是音色和特点都比较分明，个人能力问题了。打斗动画很精彩，配音很不足，就是爆炸啊碰撞啊这种声音，很燃很燃的动画没有很好的配音实在有点尴尬。剧情上来讲，路人可能会觉得中间啰嗦冗长。当然第一个电影嘛，我相信以后会越来越好的ヾ ^_^我是小黑
4792031,小黑对不起！！我欠你一张电影票！,10,如题，所以剧组什么时候更新呢？不更新要不要再出一部剧场版呢？因为之前上映的某部改编电影伤到了我，所以直至今日才看了罗小黑。看完发现，101分39秒没有白花，这确确实实是一部值得一看的电影。诚然，它或许仍有一部分小瑕疵（比如洛竹的处理有点虎头蛇尾的感觉等），但是它的优点更是完全遮不住的。此处我只讲一点，它的配音，真的让人太舒适了。不是那种喧嚣和撕心裂肺不要嗓子一般的喊叫，相反，它太安静了，这是从动画一直延续的风格，然而它的安静与平淡不是毫无感情的捧读，更类似于内敛。因此在后期无限喊出风息时就有一种
4774986,随便聊一聊罗小黑,10,"距离《罗小黑战记》上映已经半年过去了，电影的热度早就降下去了,电影票房最终定格在了三亿（日本有消息称今年夏天要全国公映，到时候另计）毕竟也是TV版老粉了~从18年说要上电影便一直在期待…便拉了四个路人同学到影院.于是那四个同学有2个当天就把28集的TV版给看完了,还跟我吐槽好短,另外两个同学也在周内刷了个透,一位同学他们班里恰好有一位小黑老粉,满脸嫉妒地跟他说“你TM一天给补完了,我却看了N年……”好了,那么开始言归正传~先说作画。作画延续了TV版中简洁明练的特点,画面很干净,粗线条简洁有力,色"
4582515,关于风息的坚持和角色看法,10,我是番剧粉，在电影院看了一次电影，又在b站刷了两次第一次重温时我没开弹幕，第二次我开了，也看到很多人对风息的一些看法首先我认为直接去定义一个角色的好坏是非常幼稚的，人物是有层次的，好坏是有立场的，从人类的立场去看，风息是个坏人，他破坏城市，开启领域将人类赶出城市，但是从妖精的角度看，风息不是坏人，他想夺回妖精的家，他想要自己曾经的家。之前看过一个评论让我印象深刻，假如换个立场，风息是人类，人类几百年前就生活在这里，直到有一天妖精来了，人类也没有反对，和妖精友好地生存，但是妖精越来越强大，逐渐占据
4868139,小黑赛高！,10,五星好评(๑°3°๑)很可惜没有去贡献票房，下次电影我一定会至少三刷哒！首先立意十分契合时代，这让我想起来《主持人大赛》中董卿说的“枪响之后没有赢家”，人与自然不可分割，只能和谐共生才会天下大同。其二对于小黑，小黑小时候就因为人类失去家园，对一个那么小的孩子太残忍了（应该可以认为人和妖精在战记里面年纪六岁是相同意义吧(●°u°●) 」），而且还被朋友（其实可以说是亲人）背叛，最后还被迫选择失去“领域”，最后的这个决定换在我们身上其实也是几乎必然会做出的，只是对于一个孩子还是太残忍了，不过能遇上无
4828132,简单的小故事,8,观感一般，很大原因还是因为其作画的风格，简洁软萌的风格确实很适合5分钟的TV小短片，但搬到一个半小时的银幕上给人的感受就不是那么好了。这种风格画面透露的信息量过少，无论是人物还是背景都没有很多细节，当然这也使得战斗画面很具观赏性，不过战斗毕竟只是一小部分。其剧情又非常简单，衔接也不是很好，人物情感的刻画也不够细腻，对话也很简单，主题也很简单也没有深入。设定的呈现方式是无限讲出来的，emmm比较突兀。这样那样导致看下来除了打斗场景很棒以外没有留下更多的印象。一个半小时都在这种“简单”中度过和TV5
4570214,罗小黑没得黑,10,难得一见的好看的国产动画，从一开始人物设定，到后来的反转，以及打斗场景，人与妖的思考，叙事手法，都是难得一见的好电影。很有代入感！其中关于对与错的思考真是好。摆脱了一味的说教，反派更立体，孰是孰非交给观众去评判。而且，和谐共处这个话题还真的是有深度，人类该如何处理人与自然的关系。打斗场景是真的帅，物品的变化，人物之间的肉搏，真的是爽片。无论是突破岩石的感觉，还是金属变换的感觉，都特别到位。最后还是喜欢黑头发的小黑。
4742138,一点点想说的啦。,10,风息与无限，究竟谁好谁坏，还是都好、都坏。这是我在电影院看的时候始终在思考的问题，看待的角度不一样所认为的也不一样。不过也不应该用“好”“坏”这种形容词简单定义就是了，每个人的立场不同，思考方式以及思考出的结果也有不同，也无法判定究竟谁做的对谁做的不对。画面依旧很温馨，无限很帅，小黑很可爱，打斗场面还是那么的酷炫，说的话引人深思。对于无限对小黑的感情，我是十分也想拥有的，所以也是有些羡慕小黑啦，同时也为无限收到一个那么好（形容词匮乏）的徒弟感到高兴。谢谢这部动漫带给我的感动与震撼。
4657276,因为在B站这个平台播放所以才给不错的评价,6,以下大部分是我在豆瓣上的评价内容。那是在电影院的环境下看之后给了电影不太好的评分。再一次在B站上看这部片子，显然手机小屏幕和欢乐的弹幕加成很多。希望木头下一次想要做电影的时候多多意识到播放载体的问题。别在把任性当个性和玩笑了。----------------------------------罗小黑电影比较合适小屏幕，你可以暂停，可以停下来哈哈哈发弹幕，可以让自己的情绪断层，而不影响前后故事的感受。而在电影院不行，很难受，你必须坐在位置上强制的熬过看一个半小时的内容并不丰富矛盾并不激烈人物刻画并
4637768,罗小黑的延伸思考（作者根本没有想这么多系列）,10,1.风息行为的延伸思考作为一个喜欢历史类游戏的玩家，在看到风息夺取小黑能力后，我感觉有些似曾相识。为了掉书袋，炫耀一下我那浅薄的学识，请跟着我复习一下极简二战纳粹党的历史。在一战后，德国惨遭战败国对待，于是德国内部酝酿反对凡尔赛条约的思潮。纳粹党迎合了这一思潮，将战败原因推到共产党和犹太人身上（人们对于历史事件最浅薄的理解就是将责任推给某些被视作“原罪”的东西），依靠煽动右翼民粹主义夺取政权。上台后的纳粹在1938年同苏联签署苏德互不侵犯条约，确保了东方的安全。在1939年9月1日对波兰宣战，1
4674769,我的观影感（电影很好，感人）,10,看完电影，很喜欢，下次希望带着家庭的人去二刷一遍，个人觉得稍微有点不妥的，1、就是无限的战斗力太强了作为人类世界中最强的，在电影中甚至有一个人对付反派团都没问题，甚至在灵质空间中还能压风息一头，感觉罗小黑后面没来，他也可以击败，罗小黑的空间加上无限的顶尖战力可以轻松击败风息的，最终boss水平有点低，2、个人建议最好是把无限打到不能自理，罗小黑看到中间穿插与无限的回忆，然后爆发反杀风息，这样既感人，还能增加打斗的精彩程度。最后重申一遍电影，我很喜欢，只是个人觉得。希望在有生之年，我能看到十冷三播
4570348,这真的是一部水剧情，卖弄作者风的电影吗？,10,看了标题的疑问，我也直接表示我所认为的答案：绝对不是，相反，它是我所认为的最充实的动画电影。由于各类的批评声比较多，我无法说他们是毫无道理，毕竟都是认真写出的，自有其价值。但我还是想发表一下个人看法。（本人不是什么电影分析高手，仅是普通群众，我也不会用多少高端词语，能理解就好，下面正式开始）   主要的批评在于电影的前半段，小黑从独自流浪到被无限抓着一起浪，大概截止在海上漂流为止，几乎无台词，单纯的场景变换，因此被打上拖沓的标签。那么，在此提出一个疑问：如何才能做到不拖沓呢？是紧凑的剧情？酷
4517569,【罗小黑战记·电影】谈小黑，谈风息，谈人类，谈自然，只是一篇，平平淡淡的杂谈,10,“小黑，你分得清好坏吗？”“师傅傅是这个世界上，最好的人！”接下来，你们会看到一段总计2600+200字的，杂乱无章的影评，欢迎随时右上角自救。这几天把罗小黑的电影又重看了一遍，讲的是很稀松平常的话题，人与自然，师徒，家，和同伴，画风很可爱，很使人喜欢，画面与主题有些宫崎骏的感觉，剧情嘛，说实话我觉得节奏把控还是有些生涩， 100分钟的电影，应该可以表现出更多的东西，但是却给了我一种只看了50分钟左右的感觉，剧情丰富度虽然看起来不太够，不过彩蛋倒一如既往地处处能找到惊喜，这可能也是罗小黑一直使人
3794058,全程个人感受--负评慎入,6,"杠精类型, 欢迎对号入座。第一次罗小黑还是高2吧,现在xx了,真怀念那个时候看啥都觉得好看,说说主观感受吧,开局30分钟，不知所然。不知道讲的什么。以前追过的tv动画好像与之脱节了，以前等几个月等来的是几分钟日常加上一点主线,现不知道他在讲什么,追了这么多年,我感觉我对之前究竟发生了什么一点兴趣也没有，我也不想知道。出现的人一个一个不认识。一个一个看似很牛x的样子。动作戏画面是没话说。但是,一部动画做的好不好，并不是由画面决定的。画面永远只是加减分项。真正决定好坏的却是故事,我开始直接看懵了，不"
3921140,关于风息，来自导演的话,10,来自MTJJ木头   11-6 13:07的微博，原文搬运。希望能少一些争论。风息为什么单讲风息呢？因为无限小黑的故事，是未来的主线，不用说太多~风息也是这个片子里最有争议的角色。但其实片子里说的很清楚。喜欢他，很正常。讨厌他，也很正常。你可以有自己的答案，不用去说服对方~也希望大家不要再争论了。先分享一下无限和小黑对风息的看法无限：在大战前，无限都没有把风息当做危险人物，因为这几十年来，风息屡有伤害人类的事件，但没有杀过人，也没有伤害过妖精，以至于犯下大错。结局的他并无法原谅风息，哪怕风息也惩
4485855,此心安处是吾乡,10,小黑的电影画面很温馨，没有给人一种华而不实的冗杂感，反倒是一种细水长流式的家长里短，是师徒二人一路的流浪，是风息一路的执着，是所有人在路上对家园的追寻。回不去的是往昔，留不住的是现在。    流浪与家园是整部电影的终极主题，他们有的为了家园被迫流浪，有的因为流浪而找到家园。其中我想重点聊聊风息。    风息塑造的很矛盾，又很典型。一方面他厌恶人类对妖、对环境的肆意掠夺，一方面他也选择以掠夺的形式以牙还牙。他的所作所为是有信念的，他不是为了破坏而破坏，而是为了创造而破坏，或许出于“我们终将
4440692,我要重温一遍《少年派的奇幻漂流》,10,作画非常优秀，线条很美。打斗很精彩，分镜在最大化张力的限度下，基本上做到了最好。慢工出细活，这个电影的制作无可挑剔。不管是前期的极美的海洋和那种人类和海洋搏斗的那种姿态和精神，还是后期的地铁里面的战斗这种我们平时就算是电视剧和电影也都很少能看见的场景，都是非常难得的一个观影体验。尽管这个故事有些幼龄向，但这个制作是真的很不错。大致讨论了一个人与自然和谐共存的问题。还是一些左右方向盘的问题。探讨的不多，整体的幼龄化，铺淡了这个问题的思考。---------分割线---------电影的前期，很有李
4381778,（主观点评）节奏虽慢，但处处细节；阿伟惨死，实乃配音作画给力,8,有人吐槽说，这部电影节奏太慢。嗯，我也确实是感同身受。不过，虽然前期铺垫确实很长，花了大量篇幅去讲无限和小黑路途中的事，可对于交代两者之间感情的形成起了很大作用。但显得这一部分情节好似流水账、无甚波澜，却也是事实。不过，看在该电影走得就是萌系治愈路线的份上，节奏感这部分我就别太计较了。虽然非粉丝的路人观众与我相比，观感可能会更差一些吧？     另外说起细节，我不知道该说好还是不好――细节这么多，一方面体现了制作者的用心；可另一方面，如果观众不刷个三遍五遍的话，根本找不全细节（话说即使
4246460,井上俊之安利来的,10,点击进入查看全文>
4271485,反思人与妖精和自然,10,这部电影很有特色，通过妖精与人类之间的对抗，让我们重新反思了人在发展的过程中导致自然怎样的变化。历史给了我们很多的教训，人类在野蛮的发展自身的同时严重的破坏了地球上生态的状态，一次又一次的物种大灭绝在我们短短几百年的工业发展史上重复上演，直到现在，我们虽然建立完整的保护措施，但也只是延缓了灭绝发生的时间，并不能从根本上解决任何的问题。本片中的风息就代表着与人类站在对立面的自然界中的动物，而风息之所以痛恨人类正是因为人类肆无忌惮的破坏生态，压榨他们的生存空间。风息希望通过小黑的空间领域能力彻底
4187865,如果你不想看弹幕吵来吵去，如果你不喜主角一人拯救世界，罗小黑是你很好的选择,10,纯路人不站队，理性讨论，讲道理，实话实说，就事论事，我觉得吧，有一说一，罗小黑它确实好看。（嘿嘿皮一下，别打我    我在剧场里看完罗小黑后，没有别的电影那种暗藏伏笔给人留下意犹未尽的感觉，而是感觉到了一种满足和充实。觉得自己这张票买的很值得，并且之后等到小破站买了罗小黑的片源后，疯狂空格暂停找彩蛋(oﾟ▽ﾟ)o      以下仅代表我个人观点，不喜勿喷。（不过你喷我也没事，反正我不看|ू･ω･` )）    我觉得罗小黑是一个里程碑。    里程碑是什么概念呢，就像当年的葫芦娃，就像当
3854100,把每一个镜头都用在刀刃上——一部叙事能力极强的动画作品,10,这是近十年来唯一一部继承了中国早期优秀动画电影品质的国产2D动画电影，导演用其强大的叙事能力，毫不拖泥带水地、充分细致地、活泼生动地、将每一个镜头都赋予意义、把经费完全用在刀刃上地讲述了一个有趣并富有教育意义的故事。稍微拉个几分钟的 片段来解释“将每一个镜头都赋予意义”这一点。第一个起点。起起电影的开头是祥和宁静的森林，小黑安适地睡在林间，与将自己吵醒的透明精灵打招呼和嬉戏。看起来简单的画面却蕴含了大量的信息，比如——森林深处有”精灵“的存在，小黑十分喜欢”精灵“，在森林中的小黑非常快乐，它相当
3794984,我们的风息,10,罗小黑大电影我在电影院六刷，今天终于可以在B站看看，能暂停了，可喜可贺，找到了好多好多没看见的彩蛋。   寒木春华NB ！！B站NB！！！   我自己来说的话究极无敌喜欢无限，毕竟人格魅力和强悍的实力摆在那里，还是个美女。也超级喜欢小黑，喜欢闵先生，喜欢馆长，喜欢洛竹小天使，喜欢若水小可爱，喜欢鸠老，喜欢天虎……    但是现在凌晨快一点，我坐在电脑前，要写一篇给我最爱的罗小黑大电影的长评。    我还是要写风息。    这么多角色，风息我有最多话要说。    首先关于风息的做法，我不要求
3792817,那是独属于造梦人的美好。,10,第一时间贡献了首映，潇洒的影评其实已经把该说的都说了，尽管我不是专业的影评人，但是还是想絮叨一些自己当时的感想。诚如潇洒所说，整部大电影以细水长流的风格将故事娓娓道来，观影时光飞逝，是因为它实在过于贴近生活，让人完全没有意识到自己对故事的沉浸。小黑真的从头到尾都弥漫着一种非常平凡朴实的对生活的热爱，如果说欧美大片是偶尔去游乐园体验的跳楼机，小黑就是农村炉灶灶膛里安静燃烧着的火焰，温暖，祥和，散发着米饭的热香，包含着平凡温馨的笑闹拌嘴。见怪不怪的人间烟火，被我们有意无意隐藏起来的那些对生活的感触、
4122624,画风打斗表现优秀，剧情略俗的优秀亲子动画,10,看完了，评价下，这是一部优秀的适合亲子观看的动画。剧情一步步深入，观众通过小黑视角最终意识到正反派角色的调换（略显俗套）。剧中角色没有大奸大恶之人，主要讲述正反派关于妖怪和人类如何共存的不同做法。（但我不同意弹幕所说的“没有坏人，只是立场不同”这句话 ，是不是坏人看他做了什么。剧中的风息随意夺取他人能力，地铁里打斗害得地铁脱轨，为了达成目的不择手段还不是坏人吗？对于风息，他只能“曾是个好人（好妖）”） 优点：画风有特色，充满朴素大气的国画风采，特写和写意之间的画风转换流畅自然，可以说随便一截
3944045,罗小黑让我看到了一些国漫的态度,10,补完了罗小黑，第一想法是我欠它一张电影票。  我和室友一起补完了哪吒，想让她们看看罗小黑的时候，她们把视频开着却没人看一眼，有人对我说:这部电影适合一个人静静的看。确实，罗小黑适合一个人静静的看，一个人默默地笑，默默地哭。它细水流长引导我们去思考去讨论，虽然我不太了解电影的描写手法，但在我个人看来，风息这个角色塑造地很成功。  但又不得不说它的细水流长，难以吸引国人去观看，原因我不得而知。但就我而言，我真的喜欢极了这部动漫。近两年我看国漫的部数越来越多，而国漫确实也开始发展，国漫和日漫的争议
3822559,我凭什么不能评价罗小黑？,4,以下内容是本人作为消费者对商品的评价，不是写给粉丝看的，是给同样作为消费者进影院的人看的，如果您不赞同，就当没有看到。（我没有客观评论喔，纯主观）      罗小黑大电影是我走进影院看的第二部原创动画电影，第一部是大鱼海棠。大鱼海棠呢当时去看的人也是挺多的，我和朋友是看人家说画面不错然后决定去看的，但是内容的完成度真的不是... ...特别好（女主角就让我觉得强行给我喂了一坨屎，纯观众角度，非国漫粉）。罗小黑呢作为番剧在手机上或者电脑上看都是没有问题的，因为屏幕小，看起来也是轻松愉快
3809389,风息这个角色太矛盾了,10,我喜欢.JPG如果用一个6岁小孩的命就能换一片疆土，这个交换放任何一代开国皇帝都会秒答应吧。别说套路小黑刷好感了，估计一上来就杀了小黑拿走领域，哪儿还有功夫跟他说这么多。别说，如果风息真的自私，真的够狠，真的这么做了，哎他还就真成功了。所谓成大事者不拘小节，风息看了人类这么久的进化史，竟然没从人类身上学到这点真是啧啧啧，妇人之仁注定失败啊！但我就偏偏很喜欢他这点，如果风息真的是个带狠人，大狼人，像曹操那样“宁可我负天下人”我还不会那么喜欢他。风息必须要得到小黑的能力，但是他又不愿意直接杀了它，方
3993939,剧情才该是核心吧,4,整体观影体验：中途非常舒适，看完感觉良好，看后细思不对优点：画面用心，打斗场景非常流畅，整体配色与风景、细节都非常到位人设讨喜，氛围轻松愉快除了这两点之外……我真的觉得大失所望，因此两星就最多了。此外，我还觉得这个电影真的是把制作者的剧情塑造水平体现的淋漓尽致——非褒义。以下是个人的一些观点，经过深思熟虑之后我并不怕打差评被人喷，只希望能和大家文明讨论分数而不是吵架，毕竟每个人心里都有一份独特的评分表。缺点：省经费。不要说什么缺经费之类的理由，这和电影品质无关。观看过程中给我的一大感受就是在省经
3925641,关于风息的个人看法,10,每次看到风息，我都有很多想说的话，但却总是噎住，什么也说不出，只剩下难过。这次认认真真的写一写我所认为的风息吧。首先我并不是要为风息伤害小黑和人类的事实洗白，实际上我对于风息夺走小黑的领域向来是怨恨的，他给龙游带来的灾难也是显而易见的。但问题就在于，手段错了，目的也是错的吗？当风息的家园在被人类破坏，被迫离开家园时，会馆没有帮助他们，而当风息要重建家园时，会馆出来阻止了。会馆的存在：为了维持人妖之间的“平衡”。但正如风息所说，人类只会继续发展和破坏。这是很明显的趋势。（呐，我并不是想说人类就成了
3793193,一些想法,10,这部作品，优点被日本的动画界大佬们吹完了，真实或虚假的缺点被中国的专家们骂完了，我也不多说什么，看过的人或多或少基于自己的底蕴能给出自己的见解。无论这个属于自己的见解是怎么样的，都是好的，因为一部作品就是拿来让人看的，只要是真心的评价都有价值。我在这里就只谈谈自己的一些想法，当然不是专家，只是鄙薄之言，大佬们可以无视。在我看来这部作品其实真的有很多可以表现出野心的地方，能让这个电影的商业度再上一层台阶，但导演最终只选择表达初心。就像在采访里，导演说如果他想他可以能把主题搞得很深奥让大多数人不明觉
3970395,风息一角色,10,"很多评论,很多弹幕,有说风息很坏很坏,也有人说风息是好人的,要给他洗白的不可否认,风息干的一些事情很极端,像是破坏地铁,抢夺小黑的领域并导致小黑的短暂死亡.但其实我们应该更立体的去看待这个角色,电影需要一个冲突,风息就是站在另一方的角色头子.当我们一昧的去说风息多么多么坏的时候,其实可以了解一下他的背景资料.风息恨得我觉得不是人类,是人类在发展过程中不顾其他因素的行为.作者有提到:风息是山林的守护者,人类弱小,脆弱.他会去保护他们,他也有人类的朋友,去逛集市的时候也感到很开心.让他愤怒的是,人类"
4004019,罗小黑中庸的评价,10,画质满分，总体偏好，但角色方面处理的有的虎头蛇尾，开篇很完美，结尾严重掉分。在“国漫”方面毋庸置疑的领头羊，但扩散到整个“动漫电影”只能算是平庸之作了。整部的剧情其实稍微有一点没有主题，你说它要是讲治愈，开篇过渡中期这段确实治愈，但总体结尾确很难打上治愈的烙印，因为剧情摆在这里呢，凤息的死是真的蠢，这角色特别矛盾，对剧情不友好的矛盾，当然不是说剧情不好，或者角色不好啦，我明白作者想表达什么，但电影处理并不好。不是说，啊电影都让你明白表达的什么了，你怎么还说处理不好。因为我感觉好尬，我知道你要表达
3874994,停留在对角色“好坏”的争论，是观众的悲哀,10,罗小黑是值得肯定的优质国产作品。但不能否认的是，这部作品的格局比较小，并没有着力于探讨过于深刻的问题，把对于主题的挖掘和思考留给了观众，未免有些流于表面。但考虑到受众年龄阶层以及偏向于合家欢乐的氛围，暂且就忽视了吧。整体来看，这部电影给人的感觉还是很舒服的，简单的故事，循序渐进的发展，温和的起起落落，没有“我命由我不由天”那样银瓶乍破的爆点，就像穿着新内裤迎接新年的日出一样舒适。（）可正是由于电影本身就没能深挖，加上受众年龄等问题，似乎导致粉丝对电影的讨论更加片面，甚至为了什么“不明白为什么有人
3963141,猫是一种生物～～,8,评分总结：小评：猫，嗯，粉丝向的作品。在打斗方面上，动作流畅，环保番。不吹不黑中规中矩，亮点没有太大突出，用到传统的山水画的留白，导演的功力还是不够，总体上还是可以的，能够完整流畅讲完一个故事。在叙事节奏上，个人觉得有点慢，个人观感有点差，其实还可以在适合的场景加入bgm。还有很大的进步空间，加油国漫～～喜欢的，关注我，点个赞，给个硬币，点个收藏，分享一波
3939185,这里没有妖精，只有人类,10,看了很多精彩的长评，关于风息，大家都有自己的看法，各自争论不休。不得不说，很热闹，也很有趣，但看多了就会觉得厌倦。支持风息的，无非就是说他是站在妖精的立场上，人类错在先，于是成大事不拘小节。反对风息的，也就是不能拿别人的生命来成就自己的野心（或者用心愿要好些）。那么，问一个最基本的问题，妖精和人类的区别到底在哪里？当然不能是《大话西游》里面说的“妖是妖他妈生的，人是人他妈生的。”在罗小黑的官方设定中，是这样的：“生灵自己汇聚成为没有实体的精灵，精灵在不断吸收不断变化过程中与物质灵结合，演变为不同
3830251,风息坏，但亦复杂，值得被认真看待，不应简单粗暴地去定义,10,对于风息这个角色，有个说法很让我感慨——这样一个有先天能力优势，执念很深，目标明确的反派，但凡在某一步做得再狠那么一点，他所得的，所做到的都会比现在的结果来得猛烈疯狂得多。比如说，一开始既然就是带有目的性地接近小黑，那么完全可以直接夺取能力——可他就是要慢慢来，培养小黑对他们这个团体的信任，想让小黑成为一份子，不是直接当炮灰工具使。或者比如说，在夺取其他妖精能力之后，为了能够拖延会馆对自己豪夺能力的调查，选择杀人灭口，杀掉可能为会馆提供自身信息的画虎，自己的能力就未必暴露，在对上执行者时的意外性
3827136,关于风息，要真正站在妖精角度看。,10,本来影院看过两遍了，来b站看只是想找找彩蛋，但是没想到对风息的讨论这么热烈。在讨论他的好坏之前，我觉得首先要明确一件事，就是这部作品里，其实人类和妖精从来都不是对等的。在妖精社会里，有规则，这些规则大部分都是对于人类，比如不能暴露，不能随便伤害人类之类的。但是在人类社会却从来没有对于妖精的应对规则，人类很多都是不知道妖精存在的。有没有觉得这体现了在本质上，妖精就是要比人类低一头的？我知道肯定有人觉得是人类打不过妖精，可是人类却也是在确确实实的占用妖精的生存地盘。那么问题来了，现在是两者平衡，以后
3915246,我个人的看法,10,好看，画面很美，音乐也好听，打斗也不错，最后风息化树的时候我更是控制不住眼泪。风息是个很有争议的角色，我只谈谈我的看法。说风息不考虑人类的死活，很坏。这句话我觉得很好笑，人类在他眼里是敌人，你会考虑敌人死活吗？他只是从妖精的角度来思考而已。他一开始是不仇恨人类的，甚至还能和人类和平相处，他后来会讨厌人类也是因为后来人类大肆砍伐树木，毁坏森林，侵占了妖精的家，他们也被赶出居住了几百年的家园，平心而论，换你你不恨吗？你不想夺回自己的家吗？所以说认为风息只是因为人类不尊崇他了他才憎恶人类简直是无稽之谈
3894879,我要吹爆罗小黑(ฅ>ω<*ฅ),10,没有去电影院真是一大遗憾，觉得自己白嫖了，十分的愧疚（生怕制作组因为没有我的电影票，后期没钱继续做这么好的漫了〒_〒，），还有把它当下饭剧的我脸很疼（虽然打的pia pia的，但是疼的值！！！它告诉我中国真的有能力做好的动漫电影~\(≧▽≦)/~），我之前没看过罗小黑的动漫（因为一直等完结-_-#现在彻底放弃，果断入坑和制作组比命长(ˉ(∞)ˉ)），直接看的电影，没有任何衔接不畅的感觉，整部下来剧情十分流畅，尤其是一些搞笑或者温情的梗，插入的特别自然，一点不生硬，让观众顺其自然的就笑或者哭了出来
3899299,风息对妖精一点帮助都没有!,10,先问是不是，再问怎么样。好多人喜欢风息，没问题，喜欢不需要理由。好多人为风息惋惜，嗯？好多人被风息感动，啊？我们考虑两种结果。一，风息没成功。他白白牺牲了，那些他“借东西”的妖精白挨揍，小黑白白死掉了(特殊情况没死)，他的伙伴受到惩罚，其他与他无关的妖怪也会被怀疑。二，风息成功了，他只是占领了龙游。整个世界有多大，人类不会反击吗？那些想共存的妖精怎么办？不想共存但是来不了的妖精怎么办。而且他今天可以牺牲小黑，明天牺牲另一个也正常吧。在这里他是神，谁能反抗他？不过是在他的淫威之下小心翼翼生活罢了，
3925583,真棒,10,"国漫真的越来越好,看大圣 白蛇 哪吒 小黑后给我最大的感触,除了技术上的进步,还有就是剧情上的.剧情不能完全按照日本欧美的路线走,提倡一个特色社会主义的过审要求,不能见血不能杀戮不能太黑,要积极向上.在这样苛刻的审核要求下,国漫制作团队练就了一身写剧本的本领.我觉得这几年的国漫的剧情都写得很简单,特别是哪吒和小黑,泪点不做作,节奏紧凑又自白.看了脑袋不绕,心情舒畅.跟特色社会主义有关,也跟动画片有关.大人小孩都适合看."
3875164,表白无限，顺带分析一下无限和风息这两个角色(风息脑残粉勿进）,10,越和无限对比我就越喜欢无限，讨厌风息。心疼小黑一开始相信错了人。现在无限和风息这两个角色有很大争议，甚至我还能看到有很多评价说无限心机套路，还有弹幕说无限看到罗小黑还活着的时候为什么没有开心反而慌张。我现在就是来怼他的，先不说无限在看到罗小黑还活着的时候第一个反应是笑了好嘛，然后才是担心罗小黑被风息伤到。我觉得您的眼睛大概有点问题。我们可以来对比一下无限和风息两个角色的行为举动分析一下这两个角色，以及无限到底有没有在套路小黑:无限:身为人类，加入会馆成为执行者。默默地帮助人类和妖精，在他的眼里人
3917175,老粉心满意足,8,从高中开始追的动漫，到现在大学毕业追到了小黑的电影，唯一的想法就是满足，毕竟动画版真的是有生之年了。从头到尾反复看了几遍，也终于能静的下心来评价这部动画电影，剧情上它算是补充了动画主角（阿根：谁叫我？）小黑之前的故事，也让我们看到了小黑的成长，对人类的态度，对好坏的甄别，流浪和家的抉择。无限，洛竹，风息，若水，鸠老，每一个都影响着小黑最终成长成了四年后我们所认识的那个罗小黑。整部电影我最喜欢的有两段，一段是会馆帮助人类逃跑大爽发动能力那块儿，还有一段就是最后风息化身森林公园，前一段是因为各种能力
3863899,简谈罗小黑,10,电影刚上线当天就看了，真的很不错，我很喜欢这种可以让人静下心来认真感受的电影，不仅有思考，也给人以共鸣，画面精美，打戏一绝，真的很不错，现在《罗小黑战记》上映四天已经突破一个亿了，也由衷的祝福小黑票房大卖，永远支持小黑，源于生活并且高于生活，非常治愈，而且还是有生之年，祝罗小黑越来越好，国漫越来越好！最后，我想说——《罗小黑战记》电影真的需要我们静下心来去感受，只有这样才能感受其中的感动和内涵，当然，如果实在没办法接受前段的慢节奏，你们也可以选择性观看，但是请不要一味的去喷那些辛苦的动画工作者，
3793752,充盈到无处安放的开心与感动,10,首先，在文章开头感谢寒木春华的集体员工给我们带来的这一场视听盛宴ヾ(≧▽≦*)o~在有限的体量下，尽可能快地将这一美好的作品呈现给我们◍•ᴗ•◍~下面让我来稍微说一说评价吧~       做为一个才追了五年，并且眼神也不太好使，阅历有限的小黑粉，在看完罗小黑电影以后，最大的感触就是：随处可见的温柔，恰到好处的留白，充盈到无处安放的开心与感动。并且，在我三刷（电影院）的过程中，每一次罗小黑电影都能给我带来不一样的感觉，每一次我都能发现一些之前没有发现的东西（不是指找彩蛋，没有暂停键和
3837972,一汪清泉 宁静与温柔纳尽,10,《罗小黑战记》是第一部让我看了之后感触颇多的电影，便来首次试试写长评吧，但是面对思潮澎湃的内心，文字的力量又是多么的苍白无力。第一次入坑《罗小黑战记》TV版是很早之前了，画风 剧情 声优等等都是我一眼爱上的原因，他的独特之处在于拥有一种澄澈的气质，有点儿童话的感觉，但不会过于甜蜜和华丽，只留下宁静美好缓慢生长，而大电影也继续沿用了这样的特点，干净的线条，清爽舒服的配色，轻松可爱又不失幽默的对话，简洁生动的叙事方式，饱满而风格迥异的人物，以及故事背后反应的引人深思的内涵。短短一个画面就体现出现代社
3890151,如果小黑没有遇到无限,10,如果小黑没有遇到无限，是不是就不会发生像后面那样悲惨的事了。小黑是一只新生的精灵，在森林里长大，拥有着最单纯的心灵。因为人类的开发而被迫到人类的城市里流浪，就那样不算快乐也不算糟糕地生活着……但是，世界是充满险恶的，单纯总是那么容易地被世界抹杀。风息一开始接近小黑，便是别有用心，只是可能没有打算用夺取能力这样极端的方法来达成他的目的。可无限的到来却让他没有了退路。“一个人类就把我们逼得这么狼狈。”风息针对的只是人类，夺走他的家园的人类，就算是后面强行夺取其他妖精的能力，也只是为了与无限抗衡。若是
3793996,这是一个很美的童话,10,首先说一声小破站牛逼！！！！    作为木头第一部电影，感觉真是非常的好，很温馨，很治愈，很搞笑，打斗场面也很热血，补上了一些TV动画的坑，但是挖的坑永远比填的要多，总体观影体验不错。我话就撂在这了，只要你喜欢罗小黑我们就是朋友。    罗小黑战记大电影完美的延续了TV动画的节奏和风格，在我心目中是完美的解决了在大荧幕上面观看细节不足的问题，毕竟原来都是相对简单的粗线条以及大色块动画，如果只是拉大放到电影屏幕上面的话，那必定会显的有太过单调，但是如果为了大荧幕而重新设计角色细节的话，那就会脱离原
3886082,优秀的动画，优秀的风息,10,这是一部非常优秀的国产动画，看到国漫有这样的精品出现真让人感到高兴。在本片中，风息这个反派设置真是令人喜欢得不行，因为他是个有合理的做坏事动机的反派，不只是单纯的坏而已。从一开始风息跟小黑的会面，带他去自己的地盘认识新伙伴并且照顾他这些举动，让人一开始觉得他是个好人。那段的风息看上去是真的温柔良善，也难怪小黑会信他。从风息的角度看，他跟小黑有一点相同的经历，就是家园被人类毁坏，自己被迫背井离乡，因此，从他的角度上看他便有了正当的理由去驱逐人类。这是一个合理的反派黑化的理由，也使得风息的角色成为了
3797827,表白我的无限大人,10,从我开始看动漫已经有十年了喜欢过很多很多的角色但我没想到最后最能戳我的是国漫《罗小黑战记》的无限，论画风美型刻画的细致程度他绝对比不上很多的日漫，但真的凭借各种戳到了我不过十年已经太久了，我也不能确定这段时间是否我对其他角色是否也生起过这样的情愫说是情愫吧，我也觉得是我入戏太深，这么大的人对一个无法存在于现实中的人产生情绪着实可笑，但我似乎的确是产生了情愫上面说“无法存在于现实中”而不是“不存在”是因为他的确存在，被创造出了就是真实的存在我对cp的定义非常广泛，不一定就是要爱情，不一定要亲吻以及
3864858,推不推胖子,10,半夜不睡，就爱瞎想。不光瞎想，还要瞎说。——《一个夜猫子的自我修养》刚看完电影的时候，我是真讨厌风息，虽然不觉得他是什么大奸大邪之人，也说不清楚他究竟哪里出了问题，但光是他为了所谓“妖精的立场”就要杀小黑这一条，我就非常反感。然而不知道是什么时候——可能是吃着某顿饭或者是刷着某局游戏资源的时候，我忽然琢磨着这事不对。好像有个陷阱。原因是我突然想起曾经看过一本书，作者用了整本去谈一个著名的伦理学悖论——“电车难题”。岔道绑人的问题我想自然不必多说，不过这本书让我印象深刻之处在于，它还举了很多关于电
3858432,对于风息的一些看法。,10,对于风息的想法和行为，个人不是很喜欢，但是完全可以理解，不过我本以为有不小的一部分人是倾向于风息的，即使塑造的是反派形象，不过结果似乎并不是这样，似乎很多人是讨厌风息的，原因的大概是对小黑的行为吧。先撇开风息对小黑的欺骗与利用，单说他敌视人类，并不愿意与人类共存这一点，我可以理解。人类呢，已经很大的干扰了他们的生活，共存的话就是要他们去改变，去容忍。可能有些人觉得，那就该这样解决呀，不伤和气又能解决问题。好，我不假设你是妖精，假设出现了一个新的生物，它们，开始没有什么问题，后面干扰人类生活，搞得
3855740,关于风息,10,之前一刷二刷的时候确实不喜欢风息，不论是站在人类的角度还是妖精的角度来看我都不喜欢他。为什么？先说妖精。妖精里有妖灵会馆，它的建立我相信就是因为要避免和人类的冲突，甚至有可能已经发生了，换个角度说这就相当于是为妖精提供了保护，而且还为妖精提供了不少的福利和帮助（tv里有说过的）。那么在这种情况下，风息做了什么？把人类赶了出去，要建立领域（我的理解就是要建一个像桃花源一样的地方，或者说蓝溪镇，人类还进不来的那种）。当时我看到这我是黑人问号脸的？？？你这是在干嘛呢，放着一个正统组织不去参加你跟我搁这
3805769,一部好动画的内核，从来不是苦大仇深,10,一部好动画的内核，从来不是苦大仇深。   小黑这部大电影，说是目前国产二维动画的天花板也不为过，画面与配乐的结合，类似手绘的质感带来与3D动画截然不同的画面表现力，近几年多部国产大IP3D动画电影爆火，但是暴露出的问题同样严重，高度同质化的表现手法+略显薄弱的讲故事能力，不可避免的给观众带来强烈的审美疲劳，但宣发有意无意赋予作品的“吹爆、国产崛起”标签，使的不同的声音难以存留。  对传统故事的改编。无论再怎么拓展，孙悟空跟的总归是唐僧，哪吒打的也还是龙太子，这样的改编不像是站在巨人肩膀上，而更像
3797000,罗小黑是如何改变一个婆罗门对国产2D动画的看法,10,（可能看起来有点标题党但是就是想吸引你们来听我吹罗小黑）不同于大多数长评，我想从我个人的经历谈一谈对罗小黑战记的感受（看看所谓的婆罗门为什么都想吹爆这部国产动画）作为一个有着10年+经历的老宅，我看过了国内最早的一批老电影厂的动画（没记错的话各种水墨国画形式），到后来看到国创动画接受日本业界影响而开创的各式不同种类的动画，，同时也接触到了许多日本的欧美的动画。仔细对比的话会发现，每一个被追捧被认可的动画，不仅仅在制作水平上需要质量，在剧情在给观众带来的感受方面也必须有一定的深度和广度。我向来是不
3796654,一个真正的家,10,今天刚看完罗小黑，突然很想说点什么（其实就是想吹它），也没什么文采，讲不出什么天花乱坠的褒美和条理分明的赏析，就随便讲了。 从开头开始，整部电影其实就非常明显了，就是小黑想要一个家，接下来的一切其实都是围绕着这个主题来走的。因为人类，小黑失去了它原来的森林，在城市中辗转流浪，然后风息发现了它的能力，想利用它，设计一个局然后救它（那些人很明显就是被控制了），博取信任带小黑回了离岛。这里我相信风息在对小黑说“这里就是你的家了“”的时候是真心实意的。然而，第二天，无限就以一个大反派角色登场了（笑），风
3793878,《罗小黑战记》：“萌”之下还有严肃,10,首先在正题之前，我想表达一下个人的感受，或许有失偏颇，但只有一句话。历经数年，在本来有些浮躁气息的当下，就像自国产二维动画中生发出的一捧甘甜泉水，从《罗小黑战记》的身上，我看到了真正的希望。以上。                                   分割线八年以前，八年以后对于《罗小黑战记》这样一部接近一线水准的国漫的横空出世，似乎并没有让人感到太过意外。而这不全是因为“前人”成功过的铺垫所形成的自信，更因为“远”在那之前就有着年更之称的罗小黑战记，早已在非剧场版的连载下以它过硬
3857645,猫控的天堂,10,让我去电影院看子供片我是强烈拒绝的，但是对方是一只黑色的小猫猫并它用那双闪亮的大眼睛望着你的时候，我完全……无法拒绝。去电影院聚众吸猫谁不快乐呢。相较于上一部国产上亿的2d动画电影《大鱼海棠》，罗小黑动画没有华丽繁杂的背景和色彩，人设也是极简化的，当然在看完电影之后我又快速补完了他的年番动画，相较于称得上是极简线条加色块填充的长篇动画来说，电影的人设虽然简单但却也复杂了许多，低饱和度的配色很贴合世界观，有一种大自然的清新质感。这样的设计一是方便后面大量的动作绘制，二是更容易使观众沉浸在故事里。罗
3793725,看得舒服的优秀国产动画,10,什么是看得舒服？就是少一点套路，少一点模板化，少一点刻意迎合，少一点商业化元素安排，少一点强行的即时体验片段多一些真诚，多一些匠心，多一些“任性”，多一些“创作者在和你对话，而不是创作者在操控你的情绪”的感觉没有非黑即白的善恶二元论，+半星人物感情并非刻意安排，总的来说都有逻辑，+半星没有刻意迎合大众的商业元素，笑点、萌点、燃点、泪点都合适不牵强，+1星流畅和具有独特特色的画面，+1星配音音乐都中规中矩，但也不乏特色，+半星设定别具新意，能力体系和中国元素有所结合，+半星国产动画诚意之作，+半星
3839821,【你可以有自己的答案】,10,第不知道几次看了，还是超级喜欢！剧情在线、画风在线、分镜在线、音乐在线、配音在线！看了很多不同意见的评论，探讨电影的主题深不深刻，剧情深度有无瑕疵等等，我不是专业的影评人，这些我都不在乎。我是《罗小黑战记》TV的粉丝，所以大概没法冷冰冰的公正评论了，在我看来，它就是棒，它就是一部好电影。而且除开我粉丝的滤镜，上面写的五个在线，一般就是我观影的标准了，达到了就是好电影，毕竟我不是专业的嘛，看得舒服我就喜欢。只要看过的粉丝应该都能看明白这部电影的性质：前传，对小黑遇到小白之前的生活作了补充，跟TV可
3815178,罗小黑战记影评,10,一共电影院刷了三次，B站1次，这是电影院第一次看的影评前半段一直看的很开心，很多年没有这么开心过了，不是喜剧片的那种开心，真的看的很自然地感到开心，一直在笑，没有声音只是开心地微笑而已。不是现实虚伪的笑，不是喜剧片笑点触发的笑，我感觉已经很多年没有流露出这种自然的微笑了，但罗小黑他做到了！从来没有看电影这么开心过！到后半段剧情急转直上，越看越感动，越看越是想流泪，其实也没有什么泪点，只是看到小黑的经历，有些地方就会莫名有点感动，同时也是因为很久没有看到过这样好看的电影而感动，前面眼泪只是溢出来一
3803836,入股不亏，罗小黑真的好看,10,之前一直觉得这个剧一定不好看，因为罗小黑战记这个名字劝退了我无数次，总觉得一定是很幼稚，很水的片子。而且总有一种便宜没好货的错觉一直围绕在我的大脑。但是一点开我就走不出去了，我的天啊，这是什么神仙制作，打斗画面极其流畅啊，哪里粗糙了、哪里幼稚了、又哪里贫穷了。剧情、画面、音乐、CV都正好合适，没有任何出戏的感觉，可以感受到制作团队真的很用心。后悔没有去贡献一张电影票。想骗我养猫不可能，我不管，我不管，我不管，无线最可爱，无线最帅。
3801146,优秀的故事核心是——回答“如何解决纷争”,8,核心评价一句话——能在写正能量的主线剧情同时，能避免说教口气，政治正确和剧情喂屎……这是大多数编剧不具备的能力。（尤其是在当下的审核条件下）罗小黑并不是主打战争和家仇国恨题材的番，电影也不是。但不得不说，对于所有带有战争题材的电影和动漫，我一直都有个很不爽的地方，在罗小黑这里得到了部分满足。那就是——现在的很多电影和动画的主角们，都不能正面回答这个问题：“我身为主角，我如何评判这场战争的对错，如何解决纷争，如何处理战争。”要么像《火影忍者》的鸣人一样强行用爱发电+嘴炮，要么像《罪恶王冠》，《甲铁
3793421,风息的心理变化及个人看法与建议,10,看完了，忽然想起某灵学家曾经提到风息的心理过渡有点不自然，这里发表一下自己的看法吧。风息因为自己的家被毁，所以执着于赶走人类，这是开头。风息有意接近罗小黑，可以看出，风息的小伙伴更加对罗小黑动了真情，风息也没有执行他直接夺取罗小黑的能力，而是选择欺骗，说明风息并不是特别绝，并且拥有动摇之心。风息一向害人不害妖精，从来没有夺取，而这一次先是谈判再夺取妖精的能力，确定了前面的动摇之心也是说明了风息一定会有纠结和质疑。后来，当风息夺取小黑的能力，被自己从小长到大的朋友劝阻，这对风息的心理变化一定是有影
3828677,稍微说一下,10,关于漫长的海上旅行，很多人感觉不妥。我感觉也并不是那么好，虽然海上的那段旅行是小黑感情变化的关键，而且公路片注重的是漫长的感情升温和自我的成长，但是这是个时长有限的电影，还有其他关键的剧情。如果纯以公路片的形式来写小黑的见闻，或许海上旅行就恰到好处，但是涉及重要角色很多，有一点群像剧的意味，所谓的过犹不及。觉得不足的地方。小黑到新家，第二天就没了，让他多待几天吧，至少看起来是这样的，这样抒情的时候才更加自然。而且我希望对乡村有更多的描绘。然后就是感觉是瑕疵的地方，对于风息这个角色的描绘。在本剧中
3816317,国漫希望再一次被扼杀,10,很久很久很久没有看到这样的动画了，无论是电影还是TV动画，零几年的时候看过一部风云决，可惜依旧差点味道，当初引以为憾，谁曾想后面的一个不如一个。         我期待过很多国漫来标榜中国动画的崛起，TV的有狐妖，端脑，电影版的有大鱼海棠，昨日青空，可惜他们都失败了……狐妖到了后面极度敷衍，端脑一开始就没打算好好做，大鱼海棠做的一塌糊涂，昨日青空更是删了自己的核心内容。           这里着重提一下大鱼海棠，我个人观点，国漫至少因为这部电影，要晚崛起10年以上。他开了个极度
3809237,个人关于风息的一点看法(内含大量剧透慎入),10,我讲个故事吧，很久很久以前我生活在一座森林里，里面有些我的伙伴，有一天来了一群人，在这里定居了下来，他们伐木造屋，在这里生活了下来，我并不讨厌他们，他们也带来了许多乐趣。可随着时间流转，他们为了自己的发展大势破坏这片森林，很多伙伴都离开了这里，而我只是希望他们能离开这个我和伙伴们生存的这里，于是我开始驱赶他们，然后来了一群我的同类告诉我这件事是我做错了。我们被人类驱赶出了自己的故土。(哪怕是我找到下一个家，谁又能向我保证不会在被驱赶出去，这一次我不想再忍了，一个为了故乡可以牺牲自己的人)题外话夺
3797478,除了献上五星，还有对风息的猜测。,10,罗小黑这部电影我当时二刷两次！第一次刷的时候！自己也的确很多没留意！第二次 刷的时候，慢慢留意到了比如风息的目的。注意在龙游，是没有一片森林的。这里是龙游边缘的山丘。龙游地图，但明显并没有大片茂密的森林。都是公园而已。而反观，根哥附近的会馆有一大片森林。没有全图就这个吧。所以猜测，风息或许要求并没太过分，他是木系精灵所以希望在龙游内有一片森林就够了，但人类越发越过分把所有树木都砍伐了，只留下一点点观赏遮阴用的树木，甚至会馆帮助人类，因此导致了风息的仇恨。我曾经猜想，假如风息不是龙游的，而是在根哥
3796482,我心目中的罗小黑大电影！,10,以下均为个人观影观点！仅代表个人观点，萝卜白菜各有所爱，对所有争议概不负责首先罗小黑大电影绝对是一个成功的佳作！作为一个常年看日番和各种日漫剧场版来说的人来说，我并不是特别喜欢国漫当然也有很多国漫我喜欢，相对日漫而言，我是一个土生土长的天朝人站在很多角度，我感觉早年的国漫偏向于子供向，给小孩子看看还是可以的！但更多的地方不适合年轻人，生硬的配音加上廉价的画面，无法提起我的兴趣在近几年风起云涌的国漫创作中不乏口碑，人气的佳作但是大部分都苦于资金问题，贫穷才是限制了国漫发展的途径，没有资金就没有画面
3796726,观后感想，主观评分。,8,为什么不打五星？因为不值五星。为什么不打三星？因为不止三星。首先，b战的评分很令人不舒服。如果换算成10分值，或许问题不大。但是100分来看的话，就会很别扭。所以，10分的话，我打8分，100分，我打84分。（纯属个人胡扯）画面确实很美，音乐也很好听，配音好等等。显而易见的优点就不说了。我的问题:一、涉及的人物过多，有特点的少。9月去影院看过，现在我印象深的角色有:无限，小黑，风息，哪吒，站塔上传送人群的那个人，老虎。其他的人？我实在记不住，或印象不深。大多是温柔的，高冷的，可爱的。二、冲突，矛
3820959,论风息是非善恶,10,关于风息的争议不少，我也来谈谈对于风息的个人看法首先谈一谈风息优点的一面：坚韧，为了自己的追求，坚持战斗了很多年有底线，没有采取屠戮无辜的手段隐忍，有豪夺能力，却一直没有使用敢做敢当，面对无限质问“如果小黑死了，你还有什么立场说是为了妖精”，回答“我，无话可说”，没有举大旗或卖苦情合理化自己夺取小黑能力的行为有原则，最后失败之后，没有报复社会，选择自我了断，即是赎罪也是解脱风息负面评价部分：从做事手段看开始时操控人类攻击小黑，激发小黑对人类的仇恨，再英雄救猫，获取小黑的信任和好感为夺回小黑，暴力
3795057,最近这几年2D国产动画的巅峰。,10,罗小黑战记大电影可以说是这两年国产2D动画的尖子生，这样一个完整而优秀的动画会给从业者很大的指导，从生活中来往生活中去，不端着，这是更合理也更优秀的表达方式，作品的作画也有自己的特色，而且是很讨喜的那种，能在充斥着大量国外动画影响下的现今找到自己的路，且发扬自己的特点，真是太不容易了；更值得称赞的是打斗的设计和流畅度，哪怕在世界范围内，也可以傲视群雄，这个真不是刻意的去吹。       这个作品放在这里，跟3D的哪吒一起好好的给从业者们上门课吧。       从罗小黑中学到精致和和
3821578,开头五分钟，堪称惊艳,10,本想一边刷刷闪闪祭一边无聊刷个电影，没想到过了五分钟，注意力就被吸引到电影上了，电影的开头，颇有宫崎骏那种大师风格，唯美的画面，可爱的角色，以及不经意间悄然的控诉，这是最吸引我的地方。开头堪称惊艳，而后进入桥墩后感觉水平有所回归（个人观点），毕竟动漫这方面的我们还在发展，能在自己国家看到这么令人惊艳夺目的几分钟。已经足够五星了。个人最诟病的大多数“国漫”中讲故事能力，要么小白文强行降智，要么就是日漫影子过重。能看到这几分钟真的非常让人惊艳。
3808637,观影体验与个人对内容的看法,10,电影氛围塑造的很好，图画、台词和配音个方面的水平都很不错，这点在无限返回途中与其他执行者的茶话会这段表现的最好。制作得非常细致，很多细节都描写的很好。故事有刺激也有温馨，而且两者的节奏把控得很得当。这是不可多得的好作品。很用心也很好的剧情和制作，对于粉丝来说非常友好。对于路人来说，前期铺垫可能会让有高期望值的人略感失望，但认真得去跟随剧情发展，又会收获满满的治愈，很适合放松心情。我认为电影剧情很适合年轻人和小孩，电影里的人物没有老套的绝对的善恶，而年轻人有兴致思考善恶的评判标准，小孩子也易养成客
3805685,9.8影院独自一人看完后发在朋友圈的影评，再来B站发一次,10,2D画风可能不太讨喜，不过对这个风格的罗小黑，我只想说一个字——好可爱呀……节奏很棒，动漫也是一样的棒，我认为动漫《罗小黑战记》的节奏是国漫里面最好的……之一剧情的本质是人妖冲突，但是相对于《白蛇缘起》，《哪吒之魔童降世》，讲了一个不太一样的故事（不多说了，再说就剧透了）笑点都很自然，就好像是生活中可能发生的一些开心的事一样，相对于《哪吒》的一些有点尬的强行笑点，要好很多。（想看没看的可以关说说了，以下是剧透，剧情评价，特供不太想看想先了解的人）剧情我重点说一下人妖冲突。（）白蛇主线是国师捕蛇，
3793203,瑕不掩瑜的优秀动画电影,8,看标题，这是我的基本态度，不是本篇主要内容的概括。优点你们吹爆的自然都明白。本篇只谈缺点，反驳随意，来说你行你上这种废话的就不用来了。1.前期无必要的部分太多，简而言之，太拖。在我看来，整部电影的重点应在后半部分，很显然，它的重点错了。印象深刻的是地铁那段，或许是限于时长，从节奏到打斗都非常乱，乱到我在电影院里完全没明白这段的发展过程和打斗逻辑。2.节奏。这是最不满意的一点，电影把比较大的篇幅放在了无限和小黑在木筏的互动上，这类完全不需要理解的内容用掉大量时间。而风息线，信息量巨大又匆匆忙忙，刻
3793168,人与妖是否能够共存？,10,非常有幸在8月27日第一轮点映时，就走进电影院看了这一部拖更了2年的罗小黑战记。（狗头保命）27日中午12:10的时候点开了Bilibili，故意绕开了12:00正式更新时间的我，为的就是在10分钟之后看看究竟有多少人，关注着这一部“爷爷追的动漫”。于是，我看到了这样的数字……..一直以为罗小黑是小众动漫的我，痴呆了两分钟…..Figure 1. 罗小黑战记TV第28集当日同时观看人数截图PS：直到第二天，正在看的人数仍然在2k以上。结束了下午的外科学的课，我就坐上了地铁，准备来看期待了好久的罗
3792768,何必坐井说天阔，不如大志戏功名 ，真心对晚霞,10,这几天不是刷了几次罗小黑战记（电影）吗？网上偶然看到一篇评论，什么英国拉斯金、威廉·莫里斯等人所主导的工艺美术运动啦，什么风靡欧洲的新艺术运动啦，还有自然与人类，传统与现代（守旧与革新）等等主题的探讨，哦，还提了下道德困境与功利主义，反正哗啦哗啦扯了一大堆。但唯一没提的是对电影的观感，老实说整篇评论不晓得多少字，却一句话一个词都没有与我的心情共鸣。作者的知识很丰富，但写出来的文章就少了些人味。一定得扯些听上去高大上的主题才行吗？一定得展示下自己的学识如何如何丰富才行吗？说实在你看的是小黑，写的好
3792714,近几年看过最好看的国漫之一,10,罗小黑战记2011年《罗小黑战记》是中国大陆独立动画制作人MTJJ及其工作室制作的一部2D（早期为flash制作）动画片，于2011年03月17日出品，播放平台主要是网络。力争两月更新一集。（现因筹备电影大幅减缓更新速度）[1]主角罗小黑是一只可爱的小黑猫，其表情活跃于微博微信QQ等众多平台。罗小黑和郑插插笔下的彼尔德是好朋友。《罗小黑战记》系列图书现已出版。同名大电影于2019年9月7日正式公映，讲述罗小黑以前的故事。(时间线为TV时间线的四年前)番外漫画《蓝溪镇》于2018年开始连载，讲述老
3815472,看完罗小黑战记后的看法，与对风息的评价,10,今晚看完了《罗小黑战记》，在这里写下自己的一些想法和观影感受。    这部电影我自己看完觉得很满足，有很多笑点，剧情也不复杂，很适合在闲暇时光来放松。打戏方面，我觉得很不错，我自己没看过多少国漫，但这部电影的打戏确实是很流畅很舒服，看得很爽。还有，无限简直帅炸！    我个人是看过一部分TV版的，但也忘得差不多了，不过并不影响看这部电影。有一个长评里面列举了许多罗小黑的不足，恩.....我是没啥感觉，我是来看电影放松的，又不是来搞什么电影鉴赏大赛的，他对不对我也不知道，这个自有了解的人去
3802855,我对电影罗小黑战记的心得,10,我自己记得以前是有看过罗小黑TV版动画，对于剧情的话，我打15.9分(10分起)打斗戏非常的爽快！我超爱他！要我喜欢的角色emmm无限和小黑吧！因为小黑和无限是师徒关系从慢慢了解对方到合作这是可是我最喜欢的地方我喜欢的桥段是最后小黑那一段小黑的一句“我能跟你一起走吗？”这句话真的是暖到我了，Seriously！因为小黑已经进了我的春节片单别问我，因为太多了，说不完电影罗小黑战记是真的很好看！但不过，我要告诉你们不是国漫崛起了！是复兴！我希望电影罗小黑战记能成为动画天花板@罗小黑战记 谢谢你！好了
3809504,“罗小黑战记”—如潺潺细水亦如汹涌波涛,10,电影故事不大，一两句便可概括，讲的就是妖精会馆派出的执行者无限，在追捕妖精风息的时候，偶然遇见小黑把他带回妖精会馆之间发生的事情。可以说是我已经很久没看到过让我如此有满足感的动画电影了。一方面可能是故事小所以讲得充实，另一方面是故事的氛围营造我很喜欢。电影的节奏是循序渐进的。前半段节奏相对较慢但依旧精彩，主讲的是无限把小黑从岛上带往妖精会馆途经大海和城市中的日常。可并非一平如水，出现过两个小高潮，一个是无限抓捕食人豹，就是那个穿着卫衣手上冒蓝火的豹子（在影片11分20秒持续1分钟），一个是无限追
3807394,从此龙游里的每一缕风都是他的呼吸,10,电影刷了十几遍，看到弹幕里那么多真情实感撕风息是好是坏的时候，很是欣慰大家入戏这么深，能激起观众思考的角色不说别的，至少人设立体丰满是肯定的了。所以关于风息这个我自己都没想过会喜欢上的角色，想简单谈一谈有的没的。小黑问：“风息是坏人吗？”的时候，我也在想，他是坏人吗？当然不是，因为他不是人——咳咳，所以说有争议性的角色难就难在这一点了，喜欢他的观众拼命想“洗白”，讨厌他的朋友一门心思的想“抹黑”。而两方说得都还挺有道理的。而这里，有人用外星人入侵地球来举例子，其实是不对的。首先，妖精比人类强大。
3799959,《罗小黑战记》——一杯恰到正好的暖茶,10,一个只用过小黑表情包不了解原作的路人观影体验： 如果说哪吒是香辣可口令人直冒汗的重庆火锅，在舌尖上迸发无尽组合的美味，那么罗小黑就是在这之后给我温暖舒适的一杯暖茶，舒坦我被热辣刺激的味蕾，给我丝丝恬淡的回味。 优点很明显，干净、温馨、流畅的清新细腻的画风，虽然没有很浓烈的中国风，但不管是场景设计、人物服饰、细节点缀，将现代和古代中国融入进画面，是非常用心的制作。 本片在前半段故事节奏偏缓，叙事手法柔和，不乏温馨搞笑的日常，在后半段打斗场景的运镜和层次感也是有明显的优点，很有亮点。人物出场众多，
3798645,充满诚意的佳作,10,你分得清好坏么？一个赤子在抱有目的的接近和充满误会的相遇后与他师傅所经历的种种并成长拜师的温馨故事。全片的制作满满的诚意，各种动作和分镜都非常的优秀，剧本通俗易懂却也不失深度，笑点满满却不低俗。剩下的请恕本人才疏学浅，没法夸了。不过龙游开战后人物逃离场景和小黑进入自己空间后风息控制破碎的水泥块砸向小黑时那满满的3d感有点出戏，不过经费原因，没法全部做完处理还是情有可原。还有就是风息是怎么知道小黑有什么能力的，这坑就真的是一点头绪都没有了，毕竟无限还是跟小黑在海上的经历才知道的，小黑本人也不知道他
3806135,《罗小黑战记》电影观后感,10,开心，相聚，离别，感动无时无刻不充斥在这部电影当中，风息不是个坏人，但是他的很多做法无不映射了一些社会中的现实，无限由起初的冷漠因为小黑的陪伴慢慢的褪去了冷漠的外表，小黑从一开始的排斥慢慢的开始黏上无限，与此同时也因为无限的陪伴也在慢慢成长，战斗中一次又一次的教诲，逐渐了解到背后的真相，最后危急关头的成长，在意识到风息的目的之后渐渐地知道了自己究竟应该站在哪一方，一声师傅道出了悔恨和不舍，一句我想要和你在一起，足矣让外表冷静的无限心里面充溢着暖意。每个人物都有着鲜明的特点，在观看之后久久回不过神
3798694,在电影院看完后感觉惊喜,10,真是很喜欢这部电影，还是我弟这个小崽子十一请我去电影院看的，讲真，一开始真没抱什么希望，但看完后十万分惊喜，很喜欢故事的节奏，剧情一点都不拖拉，看完后老想回味，动人的故事就应该如此，而且小黑的很多小表情都超级可爱，就让人感觉好萌一小猫崽23333  为风息感到惋惜，但又能理解他的立场，如果坚持不愿做出改变，那么对他来说，确实不存在什么更好的选择，但这个人也是有所觉悟的，表现在他最后也不接受什么劝降或者重新来过，就是一条道走到黑，而且很多时候，为了守护某样事物而去战斗，反而容易本末倒置，没有人
3797104,罗小黑战记：不再流浪,10,罗小黑战记大电影今天上线了，我也终于有机会一帧一帧地寻找其中的细节，在此写一下剧情梳理吧。电影说简单倒也简单，说复杂倒也复杂。简单来说，无限要抓风息，然后风息跑了，留下小黑被无限抓了，然后无限有意收小黑为徒，然后小黑又被风息抢回去，接着风息利用小黑在城市中心弄了一个球，最后无限和小黑联手打败风息，世界核平。关于电影的主题，有些人说保护环境，倡导人与妖精（自然）和谐相处，然而我的直觉告诉我并不是。从小黑的角度来看，小黑所在的森林被人类破坏，小黑被迫流浪，一路上处处躲着人类。小黑误将塑料袋当作小精灵
3795154,罗小黑的中心思想叙述很棒,10,首先来讲中心思想肯定不是保护环境什么的(当然有所涉及是真的)。本影片以小黑六岁的经历作为叙事主线，讲述了相当于前传的故事。在小黑经历的这次精彩的故事中只要涉及了两个思想，一是“关于好坏的判断”，二是“回家”。对于第一条，通过观众的反应可知大家的主要争议点在于“风息究竟是好人还是坏人”，其实电影的主题便是便是每个人都可以有自己的判断，因此也不需要各位争吵起来试图说服对方什么的。所要明确的是风息的做法是错误的，而风息自认为自己最对不起的便是小黑(若风息不觉得自己有错也就不会道歉了)。做法是否是错误的
3793430,第一次写长评,10,罗小黑大电影算是我心里至今为止最好的国产动画2d大电影了，虽然看到很多人都说到了前期节奏有点慢，在我看来是刚刚好的，再快我觉得会讲不清楚，导演的铺垫能力和讲故事能力非常好，我不太适应的是打斗场景，看的有点累，全程打斗都很快，知道这是罗小黑的风格，从tv版就是这样，很喜欢这种风格，但对于在电影院的观众可能不太友好，整部影片感觉还是偏粉丝向的，有些角色没有介绍背景，但对于看过tv版和漫画的粉丝来说完全没有负担甚至有点像是彩蛋，路人可能会感到有点晕，不会影响观看，会影响观感，这就是我的观影感受了，非常
3793307,一个温馨美好的家，一个幸福的世界,10,虽然开始入坑的契机还是这次的电影，正确来讲也才入坑一个多月。系列一晚上没几个小时就看完了，但是却并没有觉得太短了不够看，余味无穷。那之后看到的每一点情报每一点更新都是更大的满足。若论剧情是不是那么神，当然不是。《罗小黑战记》并没有像《猎人》一样炸裂惊艳的战斗体系构架和沉重深沉、繁杂的意义，也没有《死亡笔记》那样的烧脑剧情、抑或是《潘多拉之心》的处处伏笔和反转。但是对我而言，它的种种优点好巧不巧地都戳到了我的点上。一是拥有一套自己的完整的世界观构造，这点跟我上面提到的猎人的战斗体系是一回事。有了完
3793176,有生之年，不会错过,10,罗小黑大电影终于平台上线啦！       11号去看完一刷开始，慢慢沉浸在大电影的世界里无法自拔，到今天已经过去38天了。罗小黑就是有如此奇妙的魅力，令人沉迷。        追小黑的番剧有七年了，初三的时候第一次看到小黑，就被第一季开头充满想象力的打斗和分镜所震撼，很久没有国产动画片给当时的我那么大的震撼。一路追下来，有过淡忘（更新太慢），有过回味（更新后从头看起），却从不会离开，因为这是一部看多少遍都非常有趣的作品。        电影讲的是前传故事，很意外，不是原来猜测的小白
3801158,独自在路上的你，一定会找到自己的“家”。,10,独自在路上的你，一定会找到自己的“家”。我最开始知道《罗小黑战记》是一位朋友给我安利的，那是和可以追溯到2015年暑假的样子。关于电影版的话，我是从MTJJ木头于2017年5月25日发布的文章《关于<罗小黑战记>的更新和电影版~~~~》后才知道的。从那个时候起，我便一直期待着，期待着。终于，在2年后的今天，在电影院的大荧幕上，看到了罗小黑。之前的TV版，虽然一集只有短短的五分钟，更新一集要登上好几个月。7年虽然只更新了27集，但没有忘记过有罗小黑。这部电影是小黑在遇到小白之前的故事。罗小黑对得起
3795170,一部值得期待的作品,8,上映当天就看完了罗小黑，一场愉悦的观影体验，就动画本身值得三星，再加上一星的国产动画鼓励分，最终得分四星~（五星满）缺点还是有的，对我来说比较大的缺点是“设定过大但运用不足”，借着人物之口提到了五行法术、会馆、老君、借火岩、聚灵等等设定，但真正体现在剧情里的其实也就灵质空间和控金术控木术这些，我觉得导演似乎急于向我们展示“这是一个很复杂的奇幻世界”，可这种展示并没有做到位，观影时只觉得这是风息、无限、小黑三个人（妖？）之间的斗争，其他登场的许多妖精甚至神明（比如哪吒）都只是背景板，对于他们的背景
4240015,我是发现那些喜欢给1星差评的人的快感了,10,为什么给1星  我是会员我喜欢 互相伤害啊。 发现很多人喜欢给差评  我是不明白为什么，就因为自己的不喜欢？、 发现给差评的都是喜欢发长篇评论的人 ，都是些喜欢自作聪明的人。真的很气，那就互相伤害  我也要做快乐的一边。为什么给1星  我是会员我喜欢 互相伤害啊。 发现很多人喜欢给差评  我是不明白为什么，就因为自己的不喜欢？、 发现给差评的都是喜欢发长篇评论的人 ，都是些喜欢自作聪明的人。真的很气，那就互相为什么给1星  我是会员我喜欢 互相伤害啊。 发现很多人喜欢给差评  我是不明白为什么，
